serial_fssai,ins_no,e_number,name_english,name_hindi,functional_class,harm_level_1to4,harm_severity,color_code,harm_reason,revant_concern,fssai_permitted,source
1,100,E100,Curcumins,,Colour,1,LOW,GREEN,Curcumins/Turmeric - natural plant pigment; antioxidant; completely safe,NO,YES,"FSSAI Food Additives Regulations 2011 (Version XII, 08.09.2020)"
2,100(i),E100(i),Curcumin,,Colour,1,LOW,GREEN,Curcumin - natural from turmeric; anti-inflammatory; safe,NO,YES,"FSSAI Food Additives Regulations 2011 (Version XII, 08.09.2020)"
3,100(ii),E100(ii),Turmeric,,Colour,1,LOW,GREEN,Turmeric - Indian spice; safe and beneficial,NO,YES,"FSSAI Food Additives Regulations 2011 (Version XII, 08.09.2020)"
4,101,E101,Riboflavins,,Colour,1,LOW,GREEN,Riboflavins - Vitamin B2; safe and beneficial,NO,YES,"FSSAI Food Additives Regulations 2011 (Version XII, 08.09.2020)"
5,101(i),E101(i),Riboflavin,,Colour,1,LOW,GREEN,Riboflavin - Vitamin B2; safe,NO,YES,"FSSAI Food Additives Regulations 2011 (Version XII, 08.09.2020)"
6,101(ii),E101(ii),"Riboflavin 5’-phosphate, sodium",,Colour,1,LOW,GREEN,Riboflavin 5-phosphate - active form of Vitamin B2; safe,NO,YES,"FSSAI Food Additives Regulations 2011 (Version XII, 08.09.2020)"
7,102,E102,Tartrazine,टार्ट्राज़ीन,Colour,4,HIGH,RED,Tartrazine - azo dye; hyperactivity in children; EFSA mandates warning label in EU; common in Indian snacks,YES,YES,"FSSAI Food Additives Regulations 2011 (Version XII, 08.09.2020)"
8,103,E103,Alkanet,,Colour,3,MEDIUM-HIGH,ORANGE,Artificial colour; potential hyperactivity risk in children (EFSA warning),YES,YES,"FSSAI Food Additives Regulations 2011 (Version XII, 08.09.2020)"
9,104,E104,Quinoline yellow,,Colour,3,MEDIUM-HIGH,ORANGE,Artificial colour; potential hyperactivity risk in children (EFSA warning),YES,YES,"FSSAI Food Additives Regulations 2011 (Version XII, 08.09.2020)"
10,107,E107,Yellow 2G,,Colour,3,MEDIUM-HIGH,ORANGE,Artificial colour; potential hyperactivity risk in children (EFSA warning),YES,YES,"FSSAI Food Additives Regulations 2011 (Version XII, 08.09.2020)"
11,110,E110,Sunset yellow FCF,सनसेट यलो,Colour,4,HIGH,RED,Sunset Yellow - azo dye; hyperactivity risk; allergic reactions; common in Indian cold drinks,YES,YES,"FSSAI Food Additives Regulations 2011 (Version XII, 08.09.2020)"
12,120,E120,Carmines,,Colour,3,MEDIUM-HIGH,ORANGE,Artificial colour; potential hyperactivity risk in children (EFSA warning),YES,YES,"FSSAI Food Additives Regulations 2011 (Version XII, 08.09.2020)"
13,121,E121,Citrus red 2,,Colour,3,MEDIUM-HIGH,ORANGE,Artificial colour; potential hyperactivity risk in children (EFSA warning),YES,YES,"FSSAI Food Additives Regulations 2011 (Version XII, 08.09.2020)"
14,122,E122,Azorubine / Carmoisine,कार्मोइसिन,Colour,4,HIGH,RED,Carmoisine/Azorubine - azo dye; hyperactivity and allergy risk,YES,YES,"FSSAI Food Additives Regulations 2011 (Version XII, 08.09.2020)"
15,123,E123,Amaranth,,Colour,4,HIGH,RED,Amaranth dye - banned in USA; potential carcinogen in animal studies,YES,YES,"FSSAI Food Additives Regulations 2011 (Version XII, 08.09.2020)"
16,124,E124,Ponceau 4R,,Colour,4,HIGH,RED,Ponceau 4R - azo dye; hyperactivity risk; banned in USA and Norway,YES,YES,"FSSAI Food Additives Regulations 2011 (Version XII, 08.09.2020)"
17,125,E125,Ponceau SX,,Colour,3,MEDIUM-HIGH,ORANGE,Artificial colour; potential hyperactivity risk in children (EFSA warning),YES,YES,"FSSAI Food Additives Regulations 2011 (Version XII, 08.09.2020)"
18,127,E127,Erythrosine,,Colour,4,HIGH,RED,Erythrosine - red dye; contains iodine; may affect thyroid function; banned in Norway,YES,YES,"FSSAI Food Additives Regulations 2011 (Version XII, 08.09.2020)"
19,128,E128,Red 2G,,Colour,3,MEDIUM-HIGH,ORANGE,Artificial colour; potential hyperactivity risk in children (EFSA warning),YES,YES,"FSSAI Food Additives Regulations 2011 (Version XII, 08.09.2020)"
20,129,E129,Allurared AC/Fast Red E,,Colour,4,HIGH,RED,Allura Red - azo dye; hyperactivity in children; EU warning label required,YES,YES,"FSSAI Food Additives Regulations 2011 (Version XII, 08.09.2020)"
21,130,E130,Manascorubin,,Colour,3,MEDIUM-HIGH,ORANGE,Artificial colour; potential hyperactivity risk in children (EFSA warning),YES,YES,"FSSAI Food Additives Regulations 2011 (Version XII, 08.09.2020)"
22,131,E131,Patent blue V,,Colour,3,MEDIUM-HIGH,ORANGE,Artificial colour; potential hyperactivity risk in children (EFSA warning),YES,YES,"FSSAI Food Additives Regulations 2011 (Version XII, 08.09.2020)"
23,132,E132,Indigotine,,Colour,3,MEDIUM-HIGH,ORANGE,Artificial colour; potential hyperactivity risk in children (EFSA warning),YES,YES,"FSSAI Food Additives Regulations 2011 (Version XII, 08.09.2020)"
24,133,E133,Brilliant blue FCF,,Colour,3,MEDIUM-HIGH,ORANGE,Artificial colour; potential hyperactivity risk in children (EFSA warning),YES,YES,"FSSAI Food Additives Regulations 2011 (Version XII, 08.09.2020)"
25,140,E140,Chlorophyll,,Colour,1,LOW,GREEN,Chlorophyll - natural green pigment from plants; safe,NO,YES,"FSSAI Food Additives Regulations 2011 (Version XII, 08.09.2020)"
26,141,E141,Copper chlorophylls,,Colour,1,LOW,GREEN,Copper chlorophylls - plant-derived; safe,NO,YES,"FSSAI Food Additives Regulations 2011 (Version XII, 08.09.2020)"
27,141(i),E141(i),"Chlorophyll copper complex,",,Colour,3,MEDIUM-HIGH,ORANGE,Artificial colour; potential hyperactivity risk in children (EFSA warning),YES,YES,"FSSAI Food Additives Regulations 2011 (Version XII, 08.09.2020)"
28,141(ii),E141(ii),"Chlorophyll copper complex, sodium",,"and potassium Salts, Colour",3,MEDIUM-HIGH,ORANGE,Artificial colour; potential hyperactivity risk in children (EFSA warning),YES,YES,"FSSAI Food Additives Regulations 2011 (Version XII, 08.09.2020)"
29,142,E142,Green S,,Colour,3,MEDIUM-HIGH,ORANGE,Artificial colour; potential hyperactivity risk in children (EFSA warning),YES,YES,"FSSAI Food Additives Regulations 2011 (Version XII, 08.09.2020)"
30,143,E143,Fast green FCF,,Colour,3,MEDIUM-HIGH,ORANGE,Artificial colour; potential hyperactivity risk in children (EFSA warning),YES,YES,"FSSAI Food Additives Regulations 2011 (Version XII, 08.09.2020)"
31,150a,E150a,Caramel I-plain,,Colour,3,MEDIUM-HIGH,ORANGE,Artificial colour; potential hyperactivity risk in children (EFSA warning),YES,YES,"FSSAI Food Additives Regulations 2011 (Version XII, 08.09.2020)"
32,150b,E150b,Caramel II – caustic sulphite process,,Colour,3,MEDIUM-HIGH,ORANGE,Artificial colour; potential hyperactivity risk in children (EFSA warning),YES,YES,"FSSAI Food Additives Regulations 2011 (Version XII, 08.09.2020)"
33,150c,E150c,Caramel III – ammonia process,,Colour,4,HIGH,RED,"Caramel III (ammonia process) - contains 4-MeI, a potential carcinogen; used in some cola drinks",YES,YES,"FSSAI Food Additives Regulations 2011 (Version XII, 08.09.2020)"
34,150d,E150d,Caramel IV-ammonia sulphite,,"Process, Colour",4,HIGH,RED,Caramel IV (ammonia-sulphite process) - contains 4-MeI; common in dark cola and sauces,YES,YES,"FSSAI Food Additives Regulations 2011 (Version XII, 08.09.2020)"
35,151,E151,Brilliant black PN,,Colour,3,MEDIUM-HIGH,ORANGE,Artificial colour; potential hyperactivity risk in children (EFSA warning),YES,YES,"FSSAI Food Additives Regulations 2011 (Version XII, 08.09.2020)"
36,152,E152,Carbon black (hydrocarbon),,Colour,3,MEDIUM-HIGH,ORANGE,Artificial colour; potential hyperactivity risk in children (EFSA warning),YES,YES,"FSSAI Food Additives Regulations 2011 (Version XII, 08.09.2020)"
37,153,E153,Vegetable carbon,,Colour,1,LOW,GREEN,Vegetable carbon - from burnt plant material; safe,NO,YES,"FSSAI Food Additives Regulations 2011 (Version XII, 08.09.2020)"
38,154,E154,Brown FK,,Colour,3,MEDIUM-HIGH,ORANGE,Artificial colour; potential hyperactivity risk in children (EFSA warning),YES,YES,"FSSAI Food Additives Regulations 2011 (Version XII, 08.09.2020)"
39,155,E155,Brown HT,,Colour,3,MEDIUM-HIGH,ORANGE,Artificial colour; potential hyperactivity risk in children (EFSA warning),YES,YES,"FSSAI Food Additives Regulations 2011 (Version XII, 08.09.2020)"
40,160a,E160a,Carotenes,,Colour,1,LOW,GREEN,Carotenes - natural orange pigment; Vitamin A precursor; safe,NO,YES,"FSSAI Food Additives Regulations 2011 (Version XII, 08.09.2020)"
41,160a(i),E160a(i),Beta-carotene (synthetic),,Colour,3,MEDIUM-HIGH,ORANGE,Artificial colour; potential hyperactivity risk in children (EFSA warning),YES,YES,"FSSAI Food Additives Regulations 2011 (Version XII, 08.09.2020)"
42,160a(ii),E160a(ii),Natural extracts,,Colour,3,MEDIUM-HIGH,ORANGE,Artificial colour; potential hyperactivity risk in children (EFSA warning),YES,YES,"FSSAI Food Additives Regulations 2011 (Version XII, 08.09.2020)"
43,160b,E160b,Annatto extracts,,Colour,1,LOW,GREEN,Annatto extracts - natural from annatto seed; safe,NO,YES,"FSSAI Food Additives Regulations 2011 (Version XII, 08.09.2020)"
44,160c,E160c,Paprika Oleoresins,,Colour,1,LOW,GREEN,Paprika oleoresins - natural from paprika; safe,NO,YES,"FSSAI Food Additives Regulations 2011 (Version XII, 08.09.2020)"
45,160d,E160d,Lycopene,,Colour,1,LOW,GREEN,Lycopene - natural from tomatoes; antioxidant; safe and beneficial,NO,YES,"FSSAI Food Additives Regulations 2011 (Version XII, 08.09.2020)"
46,160e,E160e,Beta-apo-carotental,,Colour,3,MEDIUM-HIGH,ORANGE,Artificial colour; potential hyperactivity risk in children (EFSA warning),YES,YES,"FSSAI Food Additives Regulations 2011 (Version XII, 08.09.2020)"
47,160f,E160f,"Beta-apo-8’-carotenic acid, methyl or",,"ethyl ester, Colour",3,MEDIUM-HIGH,ORANGE,Artificial colour; potential hyperactivity risk in children (EFSA warning),YES,YES,"FSSAI Food Additives Regulations 2011 (Version XII, 08.09.2020)"
48,161a,E161a,Flavoxanthin,,Colour,3,MEDIUM-HIGH,ORANGE,Artificial colour; potential hyperactivity risk in children (EFSA warning),YES,YES,"FSSAI Food Additives Regulations 2011 (Version XII, 08.09.2020)"
49,161b,E161b,Lutein,,Colour,3,MEDIUM-HIGH,ORANGE,Artificial colour; potential hyperactivity risk in children (EFSA warning),YES,YES,"FSSAI Food Additives Regulations 2011 (Version XII, 08.09.2020)"
50,161c,E161c,Krytoxanthin,,Colour,3,MEDIUM-HIGH,ORANGE,Artificial colour; potential hyperactivity risk in children (EFSA warning),YES,YES,"FSSAI Food Additives Regulations 2011 (Version XII, 08.09.2020)"
51,161d,E161d,Rubixanthin,,Colour,3,MEDIUM-HIGH,ORANGE,Artificial colour; potential hyperactivity risk in children (EFSA warning),YES,YES,"FSSAI Food Additives Regulations 2011 (Version XII, 08.09.2020)"
52,161e,E161e,Violoxanthin,,Colour,3,MEDIUM-HIGH,ORANGE,Artificial colour; potential hyperactivity risk in children (EFSA warning),YES,YES,"FSSAI Food Additives Regulations 2011 (Version XII, 08.09.2020)"
53,161f,E161f,Rhodoxanthin,,Colour,3,MEDIUM-HIGH,ORANGE,Artificial colour; potential hyperactivity risk in children (EFSA warning),YES,YES,"FSSAI Food Additives Regulations 2011 (Version XII, 08.09.2020)"
54,161g,E161g,Canthaxanthin,,Colour,3,MEDIUM-HIGH,ORANGE,Artificial colour; potential hyperactivity risk in children (EFSA warning),YES,YES,"FSSAI Food Additives Regulations 2011 (Version XII, 08.09.2020)"
55,162,E162,Beet red,,Colour,1,LOW,GREEN,Beet red - natural from beetroot; safe,NO,YES,"FSSAI Food Additives Regulations 2011 (Version XII, 08.09.2020)"
56,163,E163,Anthocyanins,,Colour,1,LOW,GREEN,Anthocyanins - natural plant pigments; antioxidant; safe and beneficial,NO,YES,"FSSAI Food Additives Regulations 2011 (Version XII, 08.09.2020)"
57,163(i),E163(i),Anthocyanins,,Colour,3,MEDIUM-HIGH,ORANGE,Artificial colour; potential hyperactivity risk in children (EFSA warning),YES,YES,"FSSAI Food Additives Regulations 2011 (Version XII, 08.09.2020)"
58,163(ii),E163(ii),Grape skin extract,,Colour,3,MEDIUM-HIGH,ORANGE,Artificial colour; potential hyperactivity risk in children (EFSA warning),YES,YES,"FSSAI Food Additives Regulations 2011 (Version XII, 08.09.2020)"
59,163(iii),E163(iii),Blackcurrant extract,,Colour,3,MEDIUM-HIGH,ORANGE,Artificial colour; potential hyperactivity risk in children (EFSA warning),YES,YES,"FSSAI Food Additives Regulations 2011 (Version XII, 08.09.2020)"
60,164,E164,Gardenia yellow,,Colour,3,MEDIUM-HIGH,ORANGE,Artificial colour; potential hyperactivity risk in children (EFSA warning),YES,YES,"FSSAI Food Additives Regulations 2011 (Version XII, 08.09.2020)"
61,166,E166,Sandalwood,,Colour,3,MEDIUM-HIGH,ORANGE,Artificial colour; potential hyperactivity risk in children (EFSA warning),YES,YES,"FSSAI Food Additives Regulations 2011 (Version XII, 08.09.2020)"
62,170,E170,Calcium carbonates,,"Surface colourant, anticaking agent,, stabilizer",3,MEDIUM-HIGH,ORANGE,Artificial colour; potential hyperactivity risk in children (EFSA warning),YES,YES,"FSSAI Food Additives Regulations 2011 (Version XII, 08.09.2020)"
63,170(i),E170(i),Calcium carbonate,,anticaking agent,1,LOW,GREEN,Prevents clumping; generally safe,NO,YES,"FSSAI Food Additives Regulations 2011 (Version XII, 08.09.2020)"
64,170(ii),E170(ii),Calcium hydrogen carbonate,,anticaking agent,1,LOW,GREEN,Prevents clumping; generally safe,NO,YES,"FSSAI Food Additives Regulations 2011 (Version XII, 08.09.2020)"
65,171,E171,Titanium dioxide,टाइटेनियम डाइऑक्साइड,Colour,4,HIGH,RED,Titanium dioxide - IARC Group 2B possible carcinogen; banned in EU food since 2022; still permitted in India,YES,YES,"FSSAI Food Additives Regulations 2011 (Version XII, 08.09.2020)"
66,172,E172,Iron oxides,,Colour,3,MEDIUM-HIGH,ORANGE,Artificial colour; potential hyperactivity risk in children (EFSA warning),YES,YES,"FSSAI Food Additives Regulations 2011 (Version XII, 08.09.2020)"
67,172(i),E172(i),"Iron oxide, black",,Colour,3,MEDIUM-HIGH,ORANGE,Artificial colour; potential hyperactivity risk in children (EFSA warning),YES,YES,"FSSAI Food Additives Regulations 2011 (Version XII, 08.09.2020)"
68,172(ii),E172(ii),"Iron oxide, red",,Colour,3,MEDIUM-HIGH,ORANGE,Artificial colour; potential hyperactivity risk in children (EFSA warning),YES,YES,"FSSAI Food Additives Regulations 2011 (Version XII, 08.09.2020)"
69,172(iii),E172(iii),"Iron oxide, yellow",,Colour,3,MEDIUM-HIGH,ORANGE,Artificial colour; potential hyperactivity risk in children (EFSA warning),YES,YES,"FSSAI Food Additives Regulations 2011 (Version XII, 08.09.2020)"
70,173,E173,Aluminium,,Colour,3,MEDIUM-HIGH,ORANGE,Artificial colour; potential hyperactivity risk in children (EFSA warning),YES,YES,"FSSAI Food Additives Regulations 2011 (Version XII, 08.09.2020)"
71,174,E174,Silver,,Colour,3,MEDIUM-HIGH,ORANGE,Artificial colour; potential hyperactivity risk in children (EFSA warning),YES,YES,"FSSAI Food Additives Regulations 2011 (Version XII, 08.09.2020)"
72,175,E175,Gold,,Colour,3,MEDIUM-HIGH,ORANGE,Artificial colour; potential hyperactivity risk in children (EFSA warning),YES,YES,"FSSAI Food Additives Regulations 2011 (Version XII, 08.09.2020)"
73,180,E180,Lithol rubine BK,,Colour,3,MEDIUM-HIGH,ORANGE,Artificial colour; potential hyperactivity risk in children (EFSA warning),YES,YES,"FSSAI Food Additives Regulations 2011 (Version XII, 08.09.2020)"
74,181,E181,"Tannins, food grade",,"Colour, emulsifier, stabilizer, thickener",3,MEDIUM-HIGH,ORANGE,Artificial colour; potential hyperactivity risk in children (EFSA warning),YES,YES,"FSSAI Food Additives Regulations 2011 (Version XII, 08.09.2020)"
75,182,E182,Orchil,,Colour,3,MEDIUM-HIGH,ORANGE,Artificial colour; potential hyperactivity risk in children (EFSA warning),YES,YES,"FSSAI Food Additives Regulations 2011 (Version XII, 08.09.2020)"
76,200,E200,Sorbic acid,,Preservative,3,MEDIUM-HIGH,ORANGE,Chemical preservative; some linked to gut microbiome disruption,YES,YES,"FSSAI Food Additives Regulations 2011 (Version XII, 08.09.2020)"
77,201,E201,Sodium sorbate,,Preservative,3,MEDIUM-HIGH,ORANGE,Chemical preservative; some linked to gut microbiome disruption,YES,YES,"FSSAI Food Additives Regulations 2011 (Version XII, 08.09.2020)"
78,202,E202,Potassium sorbate,,Preservative,3,MEDIUM-HIGH,ORANGE,Chemical preservative; some linked to gut microbiome disruption,YES,YES,"FSSAI Food Additives Regulations 2011 (Version XII, 08.09.2020)"
79,203,E203,Calcium sorbate,,Preservative,3,MEDIUM-HIGH,ORANGE,Chemical preservative; some linked to gut microbiome disruption,YES,YES,"FSSAI Food Additives Regulations 2011 (Version XII, 08.09.2020)"
80,209,E209,Heptyl p-hydroxybenzoate,,Preservative,3,MEDIUM-HIGH,ORANGE,Chemical preservative; some linked to gut microbiome disruption,YES,YES,"FSSAI Food Additives Regulations 2011 (Version XII, 08.09.2020)"
81,210,E210,Benzoic acid,,Preservative,3,MEDIUM-HIGH,ORANGE,Benzoic acid - reacts with Vitamin C to form benzene (carcinogen); avoid in beverages,YES,YES,"FSSAI Food Additives Regulations 2011 (Version XII, 08.09.2020)"
82,211,E211,Sodium benzoate,सोडियम बेंज़ोएट,Preservative,4,HIGH,RED,Sodium benzoate - forms benzene with ascorbic acid; hyperactivity; common in Indian packaged drinks and sauces,YES,YES,"FSSAI Food Additives Regulations 2011 (Version XII, 08.09.2020)"
83,212,E212,Potassium benzoate,,Preservative,3,MEDIUM-HIGH,ORANGE,Potassium benzoate - same concerns as sodium benzoate,YES,YES,"FSSAI Food Additives Regulations 2011 (Version XII, 08.09.2020)"
84,213,E213,Calcium benzoate,,Preservative,3,MEDIUM-HIGH,ORANGE,Calcium benzoate - same concerns as sodium benzoate,YES,YES,"FSSAI Food Additives Regulations 2011 (Version XII, 08.09.2020)"
85,214,E214,Ethyl p-hydroxybenzoate,,Preservative,3,MEDIUM-HIGH,ORANGE,Chemical preservative; some linked to gut microbiome disruption,YES,YES,"FSSAI Food Additives Regulations 2011 (Version XII, 08.09.2020)"
86,215,E215,Sodium ethyl p-hydroxybenzoate,,Preservative,3,MEDIUM-HIGH,ORANGE,Chemical preservative; some linked to gut microbiome disruption,YES,YES,"FSSAI Food Additives Regulations 2011 (Version XII, 08.09.2020)"
87,216,E216,Propyl p-hydroxybenzoate,,Preservative,3,MEDIUM-HIGH,ORANGE,Chemical preservative; some linked to gut microbiome disruption,YES,YES,"FSSAI Food Additives Regulations 2011 (Version XII, 08.09.2020)"
88,217,E217,Sodium propyl p-hydroxybenzoate,,Preservative,3,MEDIUM-HIGH,ORANGE,Chemical preservative; some linked to gut microbiome disruption,YES,YES,"FSSAI Food Additives Regulations 2011 (Version XII, 08.09.2020)"
89,218,E218,Methyl p-hydroxybenzoate,,Preservative,3,MEDIUM-HIGH,ORANGE,Chemical preservative; some linked to gut microbiome disruption,YES,YES,"FSSAI Food Additives Regulations 2011 (Version XII, 08.09.2020)"
90,219,E219,Sodium methyl p-hydroxybenzoate,,Preservative,3,MEDIUM-HIGH,ORANGE,Chemical preservative; some linked to gut microbiome disruption,YES,YES,"FSSAI Food Additives Regulations 2011 (Version XII, 08.09.2020)"
91,220,E220,Sulphur dioxide,,"Preservative, antioxidant",3,MEDIUM-HIGH,ORANGE,Sulphur dioxide - asthma trigger; destroys Vitamin B1; common in dried fruits and wine,YES,YES,"FSSAI Food Additives Regulations 2011 (Version XII, 08.09.2020)"
92,221,E221,Sodium sulphite,,"Preservative, antioxidant",3,MEDIUM-HIGH,ORANGE,Sodium sulphite - asthma trigger; destroys Vitamin B1,YES,YES,"FSSAI Food Additives Regulations 2011 (Version XII, 08.09.2020)"
93,222,E222,Sodium hydrogen sulphite,,"Preservative, antioxidant",3,MEDIUM-HIGH,ORANGE,Chemical preservative; some linked to gut microbiome disruption,YES,YES,"FSSAI Food Additives Regulations 2011 (Version XII, 08.09.2020)"
94,223,E223,Sodium metabisulphite,,"Preservative, bleaching agent, antioxidant",3,MEDIUM-HIGH,ORANGE,Sodium metabisulphite - asthma trigger; destroys thiamine; common in Indian wines and dried foods,YES,YES,"FSSAI Food Additives Regulations 2011 (Version XII, 08.09.2020)"
95,224,E224,Potassium metabisulphite,,"Preservative, antioxidant",3,MEDIUM-HIGH,ORANGE,Chemical preservative; some linked to gut microbiome disruption,YES,YES,"FSSAI Food Additives Regulations 2011 (Version XII, 08.09.2020)"
96,225,E225,Potassium sulphite,,"Preservative, antioxidant",3,MEDIUM-HIGH,ORANGE,Chemical preservative; some linked to gut microbiome disruption,YES,YES,"FSSAI Food Additives Regulations 2011 (Version XII, 08.09.2020)"
97,226,E226,Calcium sulphite,,"Preservative, antioxidant",3,MEDIUM-HIGH,ORANGE,Chemical preservative; some linked to gut microbiome disruption,YES,YES,"FSSAI Food Additives Regulations 2011 (Version XII, 08.09.2020)"
98,227,E227,Calcium hydrogen sulphite,,"Preservative, antioxidant",3,MEDIUM-HIGH,ORANGE,Chemical preservative; some linked to gut microbiome disruption,YES,YES,"FSSAI Food Additives Regulations 2011 (Version XII, 08.09.2020)"
99,228,E228,Potassium bisulphate,,"Preservative, antioxidant",3,MEDIUM-HIGH,ORANGE,Chemical preservative; some linked to gut microbiome disruption,YES,YES,"FSSAI Food Additives Regulations 2011 (Version XII, 08.09.2020)"
100,230,E230,Diphenyl,,Preservative,3,MEDIUM-HIGH,ORANGE,Chemical preservative; some linked to gut microbiome disruption,YES,YES,"FSSAI Food Additives Regulations 2011 (Version XII, 08.09.2020)"
101,231,E231,Ortho-phenylphenol,,Preservative,3,MEDIUM-HIGH,ORANGE,Chemical preservative; some linked to gut microbiome disruption,YES,YES,"FSSAI Food Additives Regulations 2011 (Version XII, 08.09.2020)"
102,232,E232,Sodium o-phenylphenol,,Preservative,3,MEDIUM-HIGH,ORANGE,Chemical preservative; some linked to gut microbiome disruption,YES,YES,"FSSAI Food Additives Regulations 2011 (Version XII, 08.09.2020)"
103,233,E233,Thiabendazole,,Preservative,3,MEDIUM-HIGH,ORANGE,Chemical preservative; some linked to gut microbiome disruption,YES,YES,"FSSAI Food Additives Regulations 2011 (Version XII, 08.09.2020)"
104,234,E234,Nisin,,Preservative,3,MEDIUM-HIGH,ORANGE,Chemical preservative; some linked to gut microbiome disruption,YES,YES,"FSSAI Food Additives Regulations 2011 (Version XII, 08.09.2020)"
105,235,E235,Pimaricin (natamycin),,Preservative,3,MEDIUM-HIGH,ORANGE,Chemical preservative; some linked to gut microbiome disruption,YES,YES,"FSSAI Food Additives Regulations 2011 (Version XII, 08.09.2020)"
106,236,E236,Formic acid,,Preservative,3,MEDIUM-HIGH,ORANGE,Chemical preservative; some linked to gut microbiome disruption,YES,YES,"FSSAI Food Additives Regulations 2011 (Version XII, 08.09.2020)"
107,237,E237,Sodium formate,,Preservative,3,MEDIUM-HIGH,ORANGE,Chemical preservative; some linked to gut microbiome disruption,YES,YES,"FSSAI Food Additives Regulations 2011 (Version XII, 08.09.2020)"
108,238,E238,Calcium formate,,Preservative,3,MEDIUM-HIGH,ORANGE,Chemical preservative; some linked to gut microbiome disruption,YES,YES,"FSSAI Food Additives Regulations 2011 (Version XII, 08.09.2020)"
109,239,E239,Hexamethylene tetramine,,Preservative,3,MEDIUM-HIGH,ORANGE,Chemical preservative; some linked to gut microbiome disruption,YES,YES,"FSSAI Food Additives Regulations 2011 (Version XII, 08.09.2020)"
110,240,E240,Formaldehyde,,Preservative,3,MEDIUM-HIGH,ORANGE,Chemical preservative; some linked to gut microbiome disruption,YES,YES,"FSSAI Food Additives Regulations 2011 (Version XII, 08.09.2020)"
111,241,E241,Gum guaicum,,Preservative,3,MEDIUM-HIGH,ORANGE,Chemical preservative; some linked to gut microbiome disruption,YES,YES,"FSSAI Food Additives Regulations 2011 (Version XII, 08.09.2020)"
112,242,E242,Dimethyl dicarbonate,,Preservative,3,MEDIUM-HIGH,ORANGE,Chemical preservative; some linked to gut microbiome disruption,YES,YES,"FSSAI Food Additives Regulations 2011 (Version XII, 08.09.2020)"
113,249,E249,Potassium nitrite,,"Preservative, colour fixative",4,HIGH,RED,Potassium nitrite - forms carcinogenic nitrosamines when heated; found in processed meats,YES,YES,"FSSAI Food Additives Regulations 2011 (Version XII, 08.09.2020)"
114,250,E250,Sodium nitrite,सोडियम नाइट्राइट,"Preservative, colour fixative",4,HIGH,RED,Sodium nitrite - WHO Group 2A carcinogen; used in sausages and processed meats,YES,YES,"FSSAI Food Additives Regulations 2011 (Version XII, 08.09.2020)"
115,251,E251,Sodium nitrate,,"Preservative, colour fixative",3,MEDIUM-HIGH,ORANGE,Sodium nitrate - converts to nitrite in body; linked to cancer risk,YES,YES,"FSSAI Food Additives Regulations 2011 (Version XII, 08.09.2020)"
116,252,E252,Potassium nitrate,,"Preservative, colour fixative",3,MEDIUM-HIGH,ORANGE,Potassium nitrate - converts to nitrite in body; cancer risk with processed meats,YES,YES,"FSSAI Food Additives Regulations 2011 (Version XII, 08.09.2020)"
117,260,E260,"Acetic acid, glacial",,"Preservative, acidity regulator",3,MEDIUM-HIGH,ORANGE,Chemical preservative; some linked to gut microbiome disruption,YES,YES,"FSSAI Food Additives Regulations 2011 (Version XII, 08.09.2020)"
118,261,E261,Potassium acetates,,"Preservative, acidity regulator",3,MEDIUM-HIGH,ORANGE,Chemical preservative; some linked to gut microbiome disruption,YES,YES,"FSSAI Food Additives Regulations 2011 (Version XII, 08.09.2020)"
119,261(i),E261(i),Potassium acetate,,"Preservative, acidity regulator",3,MEDIUM-HIGH,ORANGE,Chemical preservative; some linked to gut microbiome disruption,YES,YES,"FSSAI Food Additives Regulations 2011 (Version XII, 08.09.2020)"
120,261(ii),E261(ii),Potassium diacetate,,"Preservative, acidity regulator, Preservative, acidity regulator",3,MEDIUM-HIGH,ORANGE,Chemical preservative; some linked to gut microbiome disruption,YES,YES,"FSSAI Food Additives Regulations 2011 (Version XII, 08.09.2020)"
121,262,E262,Sodium acetates,,,1,LOW,GREEN,Permitted by FSSAI; generally considered safe at regulated levels,NO,YES,"FSSAI Food Additives Regulations 2011 (Version XII, 08.09.2020)"
122,262(i),E262(i),Sodium acetate,,,1,LOW,GREEN,Permitted by FSSAI; generally considered safe at regulated levels,NO,YES,"FSSAI Food Additives Regulations 2011 (Version XII, 08.09.2020)"
123,262(ii),E262(ii),Sodium diacetate,,"Preservative, acidity regulator,, Sequestrant",3,MEDIUM-HIGH,ORANGE,Chemical preservative; some linked to gut microbiome disruption,YES,YES,"FSSAI Food Additives Regulations 2011 (Version XII, 08.09.2020)"
124,263,E263,Calcium acetate,,"Preservative, stabilizer, acidity Regulator",3,MEDIUM-HIGH,ORANGE,Chemical preservative; some linked to gut microbiome disruption,YES,YES,"FSSAI Food Additives Regulations 2011 (Version XII, 08.09.2020)"
125,264,E264,Ammonium acetate,,Acidity regulator,1,LOW,GREEN,Controls pH; generally safe,NO,YES,"FSSAI Food Additives Regulations 2011 (Version XII, 08.09.2020)"
126,265,E265,Dehydroacetic acid,,Preservative,3,MEDIUM-HIGH,ORANGE,Chemical preservative; some linked to gut microbiome disruption,YES,YES,"FSSAI Food Additives Regulations 2011 (Version XII, 08.09.2020)"
127,266,E266,Sodium dehydroacetate,,Preservative,3,MEDIUM-HIGH,ORANGE,Chemical preservative; some linked to gut microbiome disruption,YES,YES,"FSSAI Food Additives Regulations 2011 (Version XII, 08.09.2020)"
128,270,E270,"Lactic acid (L-, D—and Dl-)",,Acidity regulator,1,LOW,GREEN,Controls pH; generally safe,NO,YES,"FSSAI Food Additives Regulations 2011 (Version XII, 08.09.2020)"
129,280,E280,Propionic acid,,Preservative,3,MEDIUM-HIGH,ORANGE,Chemical preservative; some linked to gut microbiome disruption,YES,YES,"FSSAI Food Additives Regulations 2011 (Version XII, 08.09.2020)"
130,281,E281,Sodium propionate,,Preservative,3,MEDIUM-HIGH,ORANGE,Chemical preservative; some linked to gut microbiome disruption,YES,YES,"FSSAI Food Additives Regulations 2011 (Version XII, 08.09.2020)"
131,282,E282,Calcium propionate,,Preservative,3,MEDIUM-HIGH,ORANGE,Chemical preservative; some linked to gut microbiome disruption,YES,YES,"FSSAI Food Additives Regulations 2011 (Version XII, 08.09.2020)"
132,283,E283,Potassium propionate,,Preservative,3,MEDIUM-HIGH,ORANGE,Chemical preservative; some linked to gut microbiome disruption,YES,YES,"FSSAI Food Additives Regulations 2011 (Version XII, 08.09.2020)"
133,290,E290,Carbon dioxide,,"Carbonating agent, Packing agent",1,LOW,GREEN,Provides CO2; safe,NO,YES,"FSSAI Food Additives Regulations 2011 (Version XII, 08.09.2020)"
134,296,E296,Malic acid (DL-L-),,"Acidity regulator, flavouring agent.",1,LOW,GREEN,Controls pH; generally safe,NO,YES,"FSSAI Food Additives Regulations 2011 (Version XII, 08.09.2020)"
135,297,E297,Fumaric acid,,acidity regulator,1,LOW,GREEN,Controls pH; generally safe,NO,YES,"FSSAI Food Additives Regulations 2011 (Version XII, 08.09.2020)"
136,300,E300,Ascorbic acid (L),,Antioxidant,1,LOW,GREEN,Prevents oxidation; generally safe at permitted levels,NO,YES,"FSSAI Food Additives Regulations 2011 (Version XII, 08.09.2020)"
137,301,E301,Sodium ascorbate,,Antioxidant,1,LOW,GREEN,Prevents oxidation; generally safe at permitted levels,NO,YES,"FSSAI Food Additives Regulations 2011 (Version XII, 08.09.2020)"
138,302,E302,Calcium ascorbate,,Antioxidant,1,LOW,GREEN,Prevents oxidation; generally safe at permitted levels,NO,YES,"FSSAI Food Additives Regulations 2011 (Version XII, 08.09.2020)"
139,303,E303,Potassium ascorbate,,Antioxidant,1,LOW,GREEN,Prevents oxidation; generally safe at permitted levels,NO,YES,"FSSAI Food Additives Regulations 2011 (Version XII, 08.09.2020)"
140,304,E304,Ascorbyl palmitate,,Antioxidant,1,LOW,GREEN,Prevents oxidation; generally safe at permitted levels,NO,YES,"FSSAI Food Additives Regulations 2011 (Version XII, 08.09.2020)"
141,305,E305,Ascorbyl stearate,,Antioxidant,1,LOW,GREEN,Prevents oxidation; generally safe at permitted levels,NO,YES,"FSSAI Food Additives Regulations 2011 (Version XII, 08.09.2020)"
142,306,E306,Mixed tocopherols,,Antioxidant,1,LOW,GREEN,Prevents oxidation; generally safe at permitted levels,NO,YES,"FSSAI Food Additives Regulations 2011 (Version XII, 08.09.2020)"
143,307,E307,Alpha-tocopherol,,Antioxidant,1,LOW,GREEN,Prevents oxidation; generally safe at permitted levels,NO,YES,"FSSAI Food Additives Regulations 2011 (Version XII, 08.09.2020)"
144,308,E308,Synthetic gamma-tocopherol,,Antioxidant,1,LOW,GREEN,Prevents oxidation; generally safe at permitted levels,NO,YES,"FSSAI Food Additives Regulations 2011 (Version XII, 08.09.2020)"
145,309,E309,Synthetic delta-tocopherol,,Antioxidant,1,LOW,GREEN,Prevents oxidation; generally safe at permitted levels,NO,YES,"FSSAI Food Additives Regulations 2011 (Version XII, 08.09.2020)"
146,310,E310,Propyl gallate,,Antioxidant,1,LOW,GREEN,Prevents oxidation; generally safe at permitted levels,NO,YES,"FSSAI Food Additives Regulations 2011 (Version XII, 08.09.2020)"
147,311,E311,Octyl gallate,,Antioxidant,1,LOW,GREEN,Prevents oxidation; generally safe at permitted levels,NO,YES,"FSSAI Food Additives Regulations 2011 (Version XII, 08.09.2020)"
148,312,E312,Dodecyl gallate,,Antioxidant,1,LOW,GREEN,Prevents oxidation; generally safe at permitted levels,NO,YES,"FSSAI Food Additives Regulations 2011 (Version XII, 08.09.2020)"
149,313,E313,Ethyl gallate,,Antioxidant,1,LOW,GREEN,Prevents oxidation; generally safe at permitted levels,NO,YES,"FSSAI Food Additives Regulations 2011 (Version XII, 08.09.2020)"
150,314,E314,Guaiac resin,,Antioxidant,1,LOW,GREEN,Prevents oxidation; generally safe at permitted levels,NO,YES,"FSSAI Food Additives Regulations 2011 (Version XII, 08.09.2020)"
151,315,E315,Isoascorbic acid,,Antioxidant,1,LOW,GREEN,Prevents oxidation; generally safe at permitted levels,NO,YES,"FSSAI Food Additives Regulations 2011 (Version XII, 08.09.2020)"
152,316,E316,Sodium isoascorbate,,Antioxidant,1,LOW,GREEN,Prevents oxidation; generally safe at permitted levels,NO,YES,"FSSAI Food Additives Regulations 2011 (Version XII, 08.09.2020)"
153,317,E317,Potassium isoascorbate,,Antioxidant,1,LOW,GREEN,Prevents oxidation; generally safe at permitted levels,NO,YES,"FSSAI Food Additives Regulations 2011 (Version XII, 08.09.2020)"
154,318,E318,Calcium isoascrobate,,Antioxidant,1,LOW,GREEN,Prevents oxidation; generally safe at permitted levels,NO,YES,"FSSAI Food Additives Regulations 2011 (Version XII, 08.09.2020)"
155,319,E319,Tertiary butylhydroquinone,TBHQ,Antioxidant,4,HIGH,RED,TBHQ - antioxidant in fried foods and oils; immune system effects; restricted in Japan; found in instant noodles,YES,YES,"FSSAI Food Additives Regulations 2011 (Version XII, 08.09.2020)"
156,320,E320,Butylated hydroxyanisole,BHA,Antioxidant,4,HIGH,RED,BHA - IARC Group 2B possible carcinogen; endocrine disruptor; found in packaged baked goods,YES,YES,"FSSAI Food Additives Regulations 2011 (Version XII, 08.09.2020)"
157,321,E321,Butylated hydroxytoluene,BHT,Antioxidant,3,MEDIUM-HIGH,ORANGE,BHT - potential carcinogen; banned in several countries; found in packaged foods,YES,YES,"FSSAI Food Additives Regulations 2011 (Version XII, 08.09.2020)"
158,322,E322,Lecithins,,"Antioxidant, emulsifier",1,LOW,GREEN,Prevents oxidation; generally safe at permitted levels,NO,YES,"FSSAI Food Additives Regulations 2011 (Version XII, 08.09.2020)"
159,323,E323,Anoxomer,,Antioxidant,1,LOW,GREEN,Prevents oxidation; generally safe at permitted levels,NO,YES,"FSSAI Food Additives Regulations 2011 (Version XII, 08.09.2020)"
160,324,E324,Ethoxyquin,,Antioxidant,1,LOW,GREEN,Prevents oxidation; generally safe at permitted levels,NO,YES,"FSSAI Food Additives Regulations 2011 (Version XII, 08.09.2020)"
161,325,E325,Sodium lactate,,"antioxidant, synergist, humectant, bulking, agent",1,LOW,GREEN,Prevents oxidation; generally safe at permitted levels,NO,YES,"FSSAI Food Additives Regulations 2011 (Version XII, 08.09.2020)"
162,326,E326,Potassium lactate,,"antioxidant, synergist, acidity Regulator",1,LOW,GREEN,Prevents oxidation; generally safe at permitted levels,NO,YES,"FSSAI Food Additives Regulations 2011 (Version XII, 08.09.2020)"
163,327,E327,Calcium lactate,,"acidity regulator, flour treatment agent",1,LOW,GREEN,Controls pH; generally safe,NO,YES,"FSSAI Food Additives Regulations 2011 (Version XII, 08.09.2020)"
164,328,E328,Ammonium lactate,,"acidity regulator, flour treatment agent",1,LOW,GREEN,Controls pH; generally safe,NO,YES,"FSSAI Food Additives Regulations 2011 (Version XII, 08.09.2020)"
165,329,E329,"Magnesium lactate (D-,L-)",,"acidity regulator, flour treatment agent",1,LOW,GREEN,Controls pH; generally safe,NO,YES,"FSSAI Food Additives Regulations 2011 (Version XII, 08.09.2020)"
166,330,E330,Citric acid,,"acidity regulator, synergist for Sequestrant",1,LOW,GREEN,Controls pH; generally safe,NO,YES,"FSSAI Food Additives Regulations 2011 (Version XII, 08.09.2020)"
169,331,E331,331(i),,331(ii),1,LOW,GREEN,Permitted by FSSAI; generally considered safe at regulated levels,NO,YES,"FSSAI Food Additives Regulations 2011 (Version XII, 08.09.2020)"
171,332,E332,Potassium citrates,,"acidity regulator, sequestrant, Stabilizer",1,LOW,GREEN,Generally safe at permitted levels,NO,YES,"FSSAI Food Additives Regulations 2011 (Version XII, 08.09.2020)"
172,332(i),E332(i),Potassium dihydrogen citrate,,"acidity regulator, sequestrant, Stabilizer",1,LOW,GREEN,Generally safe at permitted levels,NO,YES,"FSSAI Food Additives Regulations 2011 (Version XII, 08.09.2020)"
173,332(ii),E332(ii),Tripotassium citrate,,"acidity regulator, sequestrant, Stabilizer",1,LOW,GREEN,Generally safe at permitted levels,NO,YES,"FSSAI Food Additives Regulations 2011 (Version XII, 08.09.2020)"
174,333,E333,175.,,334,1,LOW,GREEN,Permitted by FSSAI; generally considered safe at regulated levels,NO,YES,"FSSAI Food Additives Regulations 2011 (Version XII, 08.09.2020)"
175,334,E334,Tartaric acid [L(+)-],,"acidity regulator, sequestrant, antioxidant, synergist",1,LOW,GREEN,Prevents oxidation; generally safe at permitted levels,NO,YES,"FSSAI Food Additives Regulations 2011 (Version XII, 08.09.2020)"
176,335,E335,Sodium tartrates,,"Stabilizer, sequestrant",1,LOW,GREEN,Generally safe at permitted levels,NO,YES,"FSSAI Food Additives Regulations 2011 (Version XII, 08.09.2020)"
177,335(i),E335(i),Monosodium tartrate,,"Stabilizer, sequestrant",1,LOW,GREEN,Generally safe at permitted levels,NO,YES,"FSSAI Food Additives Regulations 2011 (Version XII, 08.09.2020)"
178,335(ii),E335(ii),Disodium tartrate,,"Stabilizer, sequestrant",1,LOW,GREEN,Generally safe at permitted levels,NO,YES,"FSSAI Food Additives Regulations 2011 (Version XII, 08.09.2020)"
179,336,E336,Potassium tartrate,,"Stabilizer, sequestrant",1,LOW,GREEN,Generally safe at permitted levels,NO,YES,"FSSAI Food Additives Regulations 2011 (Version XII, 08.09.2020)"
180,336(i),E336(i),Monopotassium tartrate,,"Stabilizer, sequestrant",1,LOW,GREEN,Generally safe at permitted levels,NO,YES,"FSSAI Food Additives Regulations 2011 (Version XII, 08.09.2020)"
181,336(ii),E336(ii),Dipotassium tartrate,,"Stabilizer, sequestrant",1,LOW,GREEN,Generally safe at permitted levels,NO,YES,"FSSAI Food Additives Regulations 2011 (Version XII, 08.09.2020)"
182,337,E337,Potassium sodium tartrate,,"Stabilizer, sequestrant",1,LOW,GREEN,Generally safe at permitted levels,NO,YES,"FSSAI Food Additives Regulations 2011 (Version XII, 08.09.2020)"
183,338,E338,Orthophosphoric acid,,"acidity regulator, antioxidant Synergist",1,LOW,GREEN,Prevents oxidation; generally safe at permitted levels,NO,YES,"FSSAI Food Additives Regulations 2011 (Version XII, 08.09.2020)"
186,339,E339,339(i),,339(ii),1,LOW,GREEN,Permitted by FSSAI; generally considered safe at regulated levels,NO,YES,"FSSAI Food Additives Regulations 2011 (Version XII, 08.09.2020)"
188,340,E340,Potassium Phosphates,,"acidity regulator, texturizer, sequestrant,, stabilizer, Emulsifier, water retention",2,LOW-MEDIUM,YELLOW,Some emulsifiers linked to gut inflammation at high doses,NO,YES,"FSSAI Food Additives Regulations 2011 (Version XII, 08.09.2020)"
189,340(i),E340(i),Monopotassium orthophosphate,,"acidity regulator, texturizer",1,LOW,GREEN,Controls pH; generally safe,NO,YES,"FSSAI Food Additives Regulations 2011 (Version XII, 08.09.2020)"
190,340(ii),E340(ii),191. 340(iii),,,1,LOW,GREEN,Permitted by FSSAI; generally considered safe at regulated levels,NO,YES,"FSSAI Food Additives Regulations 2011 (Version XII, 08.09.2020)"
194,341,E341,341(i),,341(ii),1,LOW,GREEN,Permitted by FSSAI; generally considered safe at regulated levels,NO,YES,"FSSAI Food Additives Regulations 2011 (Version XII, 08.09.2020)"
196,342,E342,Ammonium phosphates,,"treatment agent, acidity regulator, flour",1,LOW,GREEN,Controls pH; generally safe,NO,YES,"FSSAI Food Additives Regulations 2011 (Version XII, 08.09.2020)"
197,342(i),E342(i),Monoamonium orthophosphate,,"treatment agent, acidity regulator, flour",1,LOW,GREEN,Controls pH; generally safe,NO,YES,"FSSAI Food Additives Regulations 2011 (Version XII, 08.09.2020)"
198,342(ii),E342(ii),Diammonium orthophosphate,,"treatment agent, acidity regulator, anticaking",1,LOW,GREEN,Controls pH; generally safe,NO,YES,"FSSAI Food Additives Regulations 2011 (Version XII, 08.09.2020)"
199,343,E343,Magnesium phosphates,,Agent,1,LOW,GREEN,Permitted by FSSAI; generally considered safe at regulated levels,NO,YES,"FSSAI Food Additives Regulations 2011 (Version XII, 08.09.2020)"
200,343(i),E343(i),Monomagnesium orthophosphate,,"acidity regulator, anticaking",1,LOW,GREEN,Controls pH; generally safe,NO,YES,"FSSAI Food Additives Regulations 2011 (Version XII, 08.09.2020)"
201,343(ii),E343(ii),Dimagnesium orthophosphate,,"Agent, acidity regulator, anticaking",1,LOW,GREEN,Controls pH; generally safe,NO,YES,"FSSAI Food Additives Regulations 2011 (Version XII, 08.09.2020)"
203,344,E344,Lecithin citrate,,Preservative,3,MEDIUM-HIGH,ORANGE,Chemical preservative; some linked to gut microbiome disruption,YES,YES,"FSSAI Food Additives Regulations 2011 (Version XII, 08.09.2020)"
204,345,E345,Magnesium citrate,,acidity regulator,1,LOW,GREEN,Controls pH; generally safe,NO,YES,"FSSAI Food Additives Regulations 2011 (Version XII, 08.09.2020)"
205,349,E349,Ammonium malate,,acidity regulator,1,LOW,GREEN,Controls pH; generally safe,NO,YES,"FSSAI Food Additives Regulations 2011 (Version XII, 08.09.2020)"
206,350,E350,Sodium malates,,"acidity regulator, humectant",1,LOW,GREEN,Controls pH; generally safe,NO,YES,"FSSAI Food Additives Regulations 2011 (Version XII, 08.09.2020)"
207,350(i),E350(i),Sodium hydrogen malate,,"acidity regulator, humectant",1,LOW,GREEN,Controls pH; generally safe,NO,YES,"FSSAI Food Additives Regulations 2011 (Version XII, 08.09.2020)"
208,350(ii),E350(ii),Sodium malate,,"acidity regulator, humectant",1,LOW,GREEN,Controls pH; generally safe,NO,YES,"FSSAI Food Additives Regulations 2011 (Version XII, 08.09.2020)"
209,351,E351,Potassium malates.,,acidity regulator,1,LOW,GREEN,Controls pH; generally safe,NO,YES,"FSSAI Food Additives Regulations 2011 (Version XII, 08.09.2020)"
210,351(i),E351(i),Potassium hydrogen malate,,acidity regulator,1,LOW,GREEN,Controls pH; generally safe,NO,YES,"FSSAI Food Additives Regulations 2011 (Version XII, 08.09.2020)"
211,351(ii),E351(ii),Potassium malate,,acidity regulator,1,LOW,GREEN,Controls pH; generally safe,NO,YES,"FSSAI Food Additives Regulations 2011 (Version XII, 08.09.2020)"
212,352,E352,Calcium malates,,acidity regulator,1,LOW,GREEN,Controls pH; generally safe,NO,YES,"FSSAI Food Additives Regulations 2011 (Version XII, 08.09.2020)"
213,352(i),E352(i),Calcium hydrogen malate,,acidity regulator,1,LOW,GREEN,Controls pH; generally safe,NO,YES,"FSSAI Food Additives Regulations 2011 (Version XII, 08.09.2020)"
214,352(ii),E352(ii),Calcium malate,,acidity regulator,1,LOW,GREEN,Controls pH; generally safe,NO,YES,"FSSAI Food Additives Regulations 2011 (Version XII, 08.09.2020)"
215,353,E353,Metatartaric acid,,acidity regulator,1,LOW,GREEN,Controls pH; generally safe,NO,YES,"FSSAI Food Additives Regulations 2011 (Version XII, 08.09.2020)"
216,354,E354,Calcium tartrate,,acidity regulator,1,LOW,GREEN,Controls pH; generally safe,NO,YES,"FSSAI Food Additives Regulations 2011 (Version XII, 08.09.2020)"
217,355,E355,Adipic acid,,acidity regulator,1,LOW,GREEN,Controls pH; generally safe,NO,YES,"FSSAI Food Additives Regulations 2011 (Version XII, 08.09.2020)"
218,356,E356,Sodium adipates,,acidity regulator,1,LOW,GREEN,Controls pH; generally safe,NO,YES,"FSSAI Food Additives Regulations 2011 (Version XII, 08.09.2020)"
219,357,E357,Potassium adipates,,acidity regulator,1,LOW,GREEN,Controls pH; generally safe,NO,YES,"FSSAI Food Additives Regulations 2011 (Version XII, 08.09.2020)"
220,359,E359,Ammonium adipates,,acidity regulator,1,LOW,GREEN,Controls pH; generally safe,NO,YES,"FSSAI Food Additives Regulations 2011 (Version XII, 08.09.2020)"
221,363,E363,Succinic acid,,"acidity regulator, acidity regulator, flavour",1,LOW,GREEN,Controls pH; generally safe,NO,YES,"FSSAI Food Additives Regulations 2011 (Version XII, 08.09.2020)"
222,364(i),E364(i),Monosodium succinate,,,1,LOW,GREEN,Permitted by FSSAI; generally considered safe at regulated levels,NO,YES,"FSSAI Food Additives Regulations 2011 (Version XII, 08.09.2020)"
223,364(ii),E364(ii),Disodium succinate,,Enhancer,1,LOW,GREEN,Permitted by FSSAI; generally considered safe at regulated levels,NO,YES,"FSSAI Food Additives Regulations 2011 (Version XII, 08.09.2020)"
224,365,E365,Sodium fumarates,,acidity regulator,1,LOW,GREEN,Controls pH; generally safe,NO,YES,"FSSAI Food Additives Regulations 2011 (Version XII, 08.09.2020)"
225,366,E366,Potassium fumarates,,acidity regulator,1,LOW,GREEN,Controls pH; generally safe,NO,YES,"FSSAI Food Additives Regulations 2011 (Version XII, 08.09.2020)"
226,367,E367,Calcium fumarates,,acidity regulator,1,LOW,GREEN,Controls pH; generally safe,NO,YES,"FSSAI Food Additives Regulations 2011 (Version XII, 08.09.2020)"
227,368,E368,Ammonium fumarates,,acidity regulator,1,LOW,GREEN,Controls pH; generally safe,NO,YES,"FSSAI Food Additives Regulations 2011 (Version XII, 08.09.2020)"
228,370,E370,"1, 4-Heptonolactone",,"acidity regulator, sequestrant",1,LOW,GREEN,Controls pH; generally safe,NO,YES,"FSSAI Food Additives Regulations 2011 (Version XII, 08.09.2020)"
229,375,E375,Nicotinic acid,,Colour retention agent,3,MEDIUM-HIGH,ORANGE,Artificial colour; potential hyperactivity risk in children (EFSA warning),YES,YES,"FSSAI Food Additives Regulations 2011 (Version XII, 08.09.2020)"
230,380,E380,Ammonium citrates,,acidity regulator,1,LOW,GREEN,Controls pH; generally safe,NO,YES,"FSSAI Food Additives Regulations 2011 (Version XII, 08.09.2020)"
231,381,E381,Ferric ammonium citrate,,"anticaking agent, Thickener, gelling agent",1,LOW,GREEN,Generally from natural sources; considered safe,NO,YES,"FSSAI Food Additives Regulations 2011 (Version XII, 08.09.2020)"
232,383,E383,Calcium glycerophosphate,,"Stabilizer, Antioxidant, Preservative",3,MEDIUM-HIGH,ORANGE,Chemical preservative; some linked to gut microbiome disruption,YES,YES,"FSSAI Food Additives Regulations 2011 (Version XII, 08.09.2020)"
234,384,E384,Isopropyl citrates,,385,1,LOW,GREEN,Permitted by FSSAI; generally considered safe at regulated levels,NO,YES,"FSSAI Food Additives Regulations 2011 (Version XII, 08.09.2020)"
235,386,E386,acetate,,Sequestrant,1,LOW,GREEN,Binds metal ions; generally safe at permitted levels,NO,YES,"FSSAI Food Additives Regulations 2011 (Version XII, 08.09.2020)"
236,387,E387,Oxy stearin,,"Antioxidant, sequestrant",1,LOW,GREEN,Prevents oxidation; generally safe at permitted levels,NO,YES,"FSSAI Food Additives Regulations 2011 (Version XII, 08.09.2020)"
237,388,E388,Thiodipropionic acid,,Antioxidant,1,LOW,GREEN,Prevents oxidation; generally safe at permitted levels,NO,YES,"FSSAI Food Additives Regulations 2011 (Version XII, 08.09.2020)"
238,389,E389,Dilauryl thiodipropionate,,Antioxidant,1,LOW,GREEN,Prevents oxidation; generally safe at permitted levels,NO,YES,"FSSAI Food Additives Regulations 2011 (Version XII, 08.09.2020)"
239,390,E390,Distearyl thiodipropionate,,Antioxidant,1,LOW,GREEN,Prevents oxidation; generally safe at permitted levels,NO,YES,"FSSAI Food Additives Regulations 2011 (Version XII, 08.09.2020)"
240,391,E391,Phytic acid,,Antioxidant,1,LOW,GREEN,Prevents oxidation; generally safe at permitted levels,NO,YES,"FSSAI Food Additives Regulations 2011 (Version XII, 08.09.2020)"
241,399,E399,Calcium lactobionate,,Stabilizer,1,LOW,GREEN,Generally safe at permitted levels,NO,YES,"FSSAI Food Additives Regulations 2011 (Version XII, 08.09.2020)"
242,400,E400,Alginic acid,,"Thickener, stabilizer",1,LOW,GREEN,Generally from natural sources; considered safe,NO,YES,"FSSAI Food Additives Regulations 2011 (Version XII, 08.09.2020)"
243,401,E401,Sodium alginate,,"Thickener, stabilizer, gelling",1,LOW,GREEN,Generally from natural sources; considered safe,NO,YES,"FSSAI Food Additives Regulations 2011 (Version XII, 08.09.2020)"
244,402,E402,Potassium alginate,,"Thickener, stabilizer",1,LOW,GREEN,Generally from natural sources; considered safe,NO,YES,"FSSAI Food Additives Regulations 2011 (Version XII, 08.09.2020)"
245,403,E403,Ammonium alginate,,"Thickener, stabilizer, Thickener, stabilizer, gelling",1,LOW,GREEN,Generally from natural sources; considered safe,NO,YES,"FSSAI Food Additives Regulations 2011 (Version XII, 08.09.2020)"
246,404,E404,Calcium alginate,,"Agent, antifoaming agent",1,LOW,GREEN,Permitted by FSSAI; generally considered safe at regulated levels,NO,YES,"FSSAI Food Additives Regulations 2011 (Version XII, 08.09.2020)"
247,405,E405,Propylene glycol alginate,,"Thickener, emulsifier",2,LOW-MEDIUM,YELLOW,Some emulsifiers linked to gut inflammation at high doses,NO,YES,"FSSAI Food Additives Regulations 2011 (Version XII, 08.09.2020)"
248,406,E406,Agar,,"Thickener, gelling agent, Stabilizer",1,LOW,GREEN,Generally from natural sources; considered safe,NO,YES,"FSSAI Food Additives Regulations 2011 (Version XII, 08.09.2020)"
249,407,E407,NH4 salts (includes furcellaran),कैरेजेनन,Stabilizer,3,MEDIUM-HIGH,ORANGE,Carrageenan - some studies link to gut inflammation; degraded form (poligeenan) is carcinogenic,YES,YES,"FSSAI Food Additives Regulations 2011 (Version XII, 08.09.2020)"
250,407a,E407a,Processed Euchema Seaweed (PES),,"Thickener, stabilizer, Thickener, gelling agent",1,LOW,GREEN,Generally from natural sources; considered safe,NO,YES,"FSSAI Food Additives Regulations 2011 (Version XII, 08.09.2020)"
251,408,E408,Bakers yeast glycan,,"Stabilizer, Thickener, gelling agent",1,LOW,GREEN,Generally from natural sources; considered safe,NO,YES,"FSSAI Food Additives Regulations 2011 (Version XII, 08.09.2020)"
252,409,E409,Arabinogalactan,,Stabilizer,1,LOW,GREEN,Generally safe at permitted levels,NO,YES,"FSSAI Food Additives Regulations 2011 (Version XII, 08.09.2020)"
253,410,E410,Carob bean gum,,"Thickener, Stabilizer",1,LOW,GREEN,Generally from natural sources; considered safe,NO,YES,"FSSAI Food Additives Regulations 2011 (Version XII, 08.09.2020)"
254,411,E411,Oat gum,,"Thickener, Stabilizer, Thickener, Stabilizer",1,LOW,GREEN,Generally from natural sources; considered safe,NO,YES,"FSSAI Food Additives Regulations 2011 (Version XII, 08.09.2020)"
255,412,E412,Guar gum,,"Emulsifier, Thickener, Stabilizer",2,LOW-MEDIUM,YELLOW,Some emulsifiers linked to gut inflammation at high doses,NO,YES,"FSSAI Food Additives Regulations 2011 (Version XII, 08.09.2020)"
256,413,E413,Tragacanth gum,,Emulsifier,2,LOW-MEDIUM,YELLOW,Some emulsifiers linked to gut inflammation at high doses,NO,YES,"FSSAI Food Additives Regulations 2011 (Version XII, 08.09.2020)"
257,414,E414,Gum arabic (acacia gum),,"Thickener, Stabilizer, Thickener, Stabilizer",1,LOW,GREEN,Generally from natural sources; considered safe,NO,YES,"FSSAI Food Additives Regulations 2011 (Version XII, 08.09.2020)"
258,415,E415,Xanthan gum,,"emulsifier, foaming agent",2,LOW-MEDIUM,YELLOW,Some emulsifiers linked to gut inflammation at high doses,NO,YES,"FSSAI Food Additives Regulations 2011 (Version XII, 08.09.2020)"
259,416,E416,Karaya gum,,"Thickener, Stabilizer",1,LOW,GREEN,Generally from natural sources; considered safe,NO,YES,"FSSAI Food Additives Regulations 2011 (Version XII, 08.09.2020)"
260,417,E417,Tara gum,,"Thickener, Stabilizer",1,LOW,GREEN,Generally from natural sources; considered safe,NO,YES,"FSSAI Food Additives Regulations 2011 (Version XII, 08.09.2020)"
261,418,E418,Gellan gum,,"Thickener, Stabilizer, gelling",1,LOW,GREEN,Generally from natural sources; considered safe,NO,YES,"FSSAI Food Additives Regulations 2011 (Version XII, 08.09.2020)"
262,419,E419,Gum ghatti,,"Emulsifier, Sweetener, Humectant",1,LOW-MEDIUM,YELLOW,Gum ghatti - natural gum from Anogeissus tree; thickener/stabilizer; safe,NO,YES,"FSSAI Food Additives Regulations 2011 (Version XII, 08.09.2020)"
263,420,E420,Sorbitol and sorbitol syrup,,Emulsifier,2,LOW-MEDIUM,YELLOW,Some emulsifiers linked to gut inflammation at high doses,NO,YES,"FSSAI Food Additives Regulations 2011 (Version XII, 08.09.2020)"
264,421,E421,Mannitol,,"Sweetener, anticaking agent",2,LOW-MEDIUM,YELLOW,Mannitol - sugar alcohol from plants; laxative effect at high doses; generally safe,NO,YES,"FSSAI Food Additives Regulations 2011 (Version XII, 08.09.2020)"
265,422,E422,Glycerol,,"Humectant, bodying agent",1,LOW,GREEN,Retains moisture; generally safe,NO,YES,"FSSAI Food Additives Regulations 2011 (Version XII, 08.09.2020)"
266,424,E424,Curd lan,,"Thickener, Stabilizer",1,LOW,GREEN,Generally from natural sources; considered safe,NO,YES,"FSSAI Food Additives Regulations 2011 (Version XII, 08.09.2020)"
267,425,E425,Konjac flour,,Thickener,1,LOW,GREEN,Generally from natural sources; considered safe,NO,YES,"FSSAI Food Additives Regulations 2011 (Version XII, 08.09.2020)"
268,429,E429,Peptones,,Emulsifier,2,LOW-MEDIUM,YELLOW,Some emulsifiers linked to gut inflammation at high doses,NO,YES,"FSSAI Food Additives Regulations 2011 (Version XII, 08.09.2020)"
269,430,E430,Polyoxyethylene (8) stearate,,Emulsifier,2,LOW-MEDIUM,YELLOW,Some emulsifiers linked to gut inflammation at high doses,NO,YES,"FSSAI Food Additives Regulations 2011 (Version XII, 08.09.2020)"
270,431,E431,Polyoxyethylene (40) stearate,,Emulsifier,2,LOW-MEDIUM,YELLOW,Some emulsifiers linked to gut inflammation at high doses,NO,YES,"FSSAI Food Additives Regulations 2011 (Version XII, 08.09.2020)"
271,432,E432,Monolaurate,,"Emulsifier, dispersing agent",2,LOW-MEDIUM,YELLOW,Some emulsifiers linked to gut inflammation at high doses,NO,YES,"FSSAI Food Additives Regulations 2011 (Version XII, 08.09.2020)"
272,433,E433,Monoleate,,"Emulsifier, dispersing agent",2,LOW-MEDIUM,YELLOW,Some emulsifiers linked to gut inflammation at high doses,NO,YES,"FSSAI Food Additives Regulations 2011 (Version XII, 08.09.2020)"
273,434,E434,Monopalmitate,,"Emulsifier, dispersing agent",2,LOW-MEDIUM,YELLOW,Some emulsifiers linked to gut inflammation at high doses,NO,YES,"FSSAI Food Additives Regulations 2011 (Version XII, 08.09.2020)"
274,435,E435,Monostearate,,"Emulsifier, dispersing agent",2,LOW-MEDIUM,YELLOW,Some emulsifiers linked to gut inflammation at high doses,NO,YES,"FSSAI Food Additives Regulations 2011 (Version XII, 08.09.2020)"
275,436,E436,Tristearate,,"Emulsifier, dispersing agent, Thickener, emulsifier",2,LOW-MEDIUM,YELLOW,Some emulsifiers linked to gut inflammation at high doses,NO,YES,"FSSAI Food Additives Regulations 2011 (Version XII, 08.09.2020)"
276,440,E440,Pectins,,"Stabilizer, gelling agent",1,LOW,GREEN,Generally safe at permitted levels,NO,YES,"FSSAI Food Additives Regulations 2011 (Version XII, 08.09.2020)"
277,441,E441,Superglycerinated hydrogenated,,Emulsifier,2,LOW-MEDIUM,YELLOW,Some emulsifiers linked to gut inflammation at high doses,NO,YES,"FSSAI Food Additives Regulations 2011 (Version XII, 08.09.2020)"
278,442,E442,Acid,,Emulsifier,2,LOW-MEDIUM,YELLOW,Some emulsifiers linked to gut inflammation at high doses,NO,YES,"FSSAI Food Additives Regulations 2011 (Version XII, 08.09.2020)"
279,443,E443,Brominated vegetable oil,,"Emulsifier, stabilizer",2,LOW-MEDIUM,YELLOW,Some emulsifiers linked to gut inflammation at high doses,NO,YES,"FSSAI Food Additives Regulations 2011 (Version XII, 08.09.2020)"
280,444,E444,Sucrose acetate isobutyrate,,"Emulsifier, stabilizer",2,LOW-MEDIUM,YELLOW,Some emulsifiers linked to gut inflammation at high doses,NO,YES,"FSSAI Food Additives Regulations 2011 (Version XII, 08.09.2020)"
281,445,E445,Glycerol esters of wood resin,,"Emulsifier, stabilizer",2,LOW-MEDIUM,YELLOW,Some emulsifiers linked to gut inflammation at high doses,NO,YES,"FSSAI Food Additives Regulations 2011 (Version XII, 08.09.2020)"
282,446,E446,Succistearin,,"Emulsifier, acidity regulator, texturizer",2,LOW-MEDIUM,YELLOW,Some emulsifiers linked to gut inflammation at high doses,NO,YES,"FSSAI Food Additives Regulations 2011 (Version XII, 08.09.2020)"
283,450,E450,Diphosphates,,"Agent, acidity regulator, texturizer",1,LOW,GREEN,Controls pH; generally safe,NO,YES,"FSSAI Food Additives Regulations 2011 (Version XII, 08.09.2020)"
284,450(i),E450(i),Disodium diphosphate,,"Agent, acidity regulator, texturizer",1,LOW,GREEN,Controls pH; generally safe,NO,YES,"FSSAI Food Additives Regulations 2011 (Version XII, 08.09.2020)"
285,450(ii),E450(ii),Trisodium diphosphate,,"Agent, acidity regulator, texturizer",1,LOW,GREEN,Controls pH; generally safe,NO,YES,"FSSAI Food Additives Regulations 2011 (Version XII, 08.09.2020)"
288,450(v),E450(v),Tetrapotassium diphosphate,,"Agent, acidity regulator, texturizer",1,LOW,GREEN,Controls pH; generally safe,NO,YES,"FSSAI Food Additives Regulations 2011 (Version XII, 08.09.2020)"
292,451,E451,Triphosphates,,"Texturizer, Sequestrant, acidity regulator",1,LOW,GREEN,Controls pH; generally safe,NO,YES,"FSSAI Food Additives Regulations 2011 (Version XII, 08.09.2020)"
293,451(i),E451(i),Pentasodium,,"Texturizer, Sequestrant, acidity regulator",1,LOW,GREEN,Controls pH; generally safe,NO,YES,"FSSAI Food Additives Regulations 2011 (Version XII, 08.09.2020)"
294,451(ii),E451(ii),Pentapotassium triphosphate,,"Texturizer, acidity regulator, texturizer",1,LOW,GREEN,Controls pH; generally safe,NO,YES,"FSSAI Food Additives Regulations 2011 (Version XII, 08.09.2020)"
295,452,E452,Polyphosphates,,,1,LOW,GREEN,Permitted by FSSAI; generally considered safe at regulated levels,NO,YES,"FSSAI Food Additives Regulations 2011 (Version XII, 08.09.2020)"
296,452(i),E452(i),Sodium polyphosphate,,"Agent, acidity regulator, texturizer",1,LOW,GREEN,Controls pH; generally safe,NO,YES,"FSSAI Food Additives Regulations 2011 (Version XII, 08.09.2020)"
297,452(ii),E452(ii),Potassium Polyphosphate,,"Agent, Emulsifier, Stabilizer, acidity",2,LOW-MEDIUM,YELLOW,Some emulsifiers linked to gut inflammation at high doses,NO,YES,"FSSAI Food Additives Regulations 2011 (Version XII, 08.09.2020)"
300,452(v),E452(v),Ammonium polyphosphates,,Agent,1,LOW,GREEN,Permitted by FSSAI; generally considered safe at regulated levels,NO,YES,"FSSAI Food Additives Regulations 2011 (Version XII, 08.09.2020)"
301,458,E458,Gamma Cyclodextrin,,"Stabilizer, binder",1,LOW,GREEN,Generally safe at permitted levels,NO,YES,"FSSAI Food Additives Regulations 2011 (Version XII, 08.09.2020)"
302,459,E459,Beta-cyclodextrin,,"Stabilizer, binder, Emulsifier, dispersing agent",2,LOW-MEDIUM,YELLOW,Some emulsifiers linked to gut inflammation at high doses,NO,YES,"FSSAI Food Additives Regulations 2011 (Version XII, 08.09.2020)"
303,460,E460,Cellulose,,"anticaking agent, texturizer, Emulsifier, dispersing agent",2,LOW-MEDIUM,YELLOW,Some emulsifiers linked to gut inflammation at high doses,NO,YES,"FSSAI Food Additives Regulations 2011 (Version XII, 08.09.2020)"
304,460(i),E460(i),Microcystalline cellulose,,,1,LOW,GREEN,Permitted by FSSAI; generally considered safe at regulated levels,NO,YES,"FSSAI Food Additives Regulations 2011 (Version XII, 08.09.2020)"
305,460(ii),E460(ii),Powdered cellulose,,"anticaking agent, Thickener, Emulsifier",2,LOW-MEDIUM,YELLOW,Some emulsifiers linked to gut inflammation at high doses,NO,YES,"FSSAI Food Additives Regulations 2011 (Version XII, 08.09.2020)"
306,461,E461,Methyl cellulose,,Stabilizer,1,LOW,GREEN,Generally safe at permitted levels,NO,YES,"FSSAI Food Additives Regulations 2011 (Version XII, 08.09.2020)"
307,462,E462,Ethyl cellulose,,"Binder, filler, Thickener, Emulsifier",2,LOW-MEDIUM,YELLOW,Some emulsifiers linked to gut inflammation at high doses,NO,YES,"FSSAI Food Additives Regulations 2011 (Version XII, 08.09.2020)"
308,463,E463,Hydroxypropyl cellulose,,"Stabilizer, Thickener, Emulsifier",2,LOW-MEDIUM,YELLOW,Some emulsifiers linked to gut inflammation at high doses,NO,YES,"FSSAI Food Additives Regulations 2011 (Version XII, 08.09.2020)"
309,464,E464,Hydroxypropyl methyl cellulose,,"Stabilizer, Thickener antifoaming agent",1,LOW,GREEN,Generally from natural sources; considered safe,NO,YES,"FSSAI Food Additives Regulations 2011 (Version XII, 08.09.2020)"
310,465,E465,Methyl ethyl cellulose,,"Emulsifier, stabilizer, Thickener, Emulsifier",2,LOW-MEDIUM,YELLOW,Some emulsifiers linked to gut inflammation at high doses,NO,YES,"FSSAI Food Additives Regulations 2011 (Version XII, 08.09.2020)"
311,466,E466,Sodium carboxymethyl cellulose,,"Stabilizer, Thickener, Emulsifier",2,LOW-MEDIUM,YELLOW,Some emulsifiers linked to gut inflammation at high doses,NO,YES,"FSSAI Food Additives Regulations 2011 (Version XII, 08.09.2020)"
312,467,E467,Ethyl hydroxyethyl cellulose,,Stabilizer,1,LOW,GREEN,Generally safe at permitted levels,NO,YES,"FSSAI Food Additives Regulations 2011 (Version XII, 08.09.2020)"
313,468,E468,Croscaramellose,,"Stabilizer, binder",1,LOW,GREEN,Generally safe at permitted levels,NO,YES,"FSSAI Food Additives Regulations 2011 (Version XII, 08.09.2020)"
315,469,E469,470,,enzymatically hydrolysed,1,LOW,GREEN,Permitted by FSSAI; generally considered safe at regulated levels,NO,YES,"FSSAI Food Additives Regulations 2011 (Version XII, 08.09.2020)"
318,471,E471,472a,,472b,1,LOW,GREEN,Permitted by FSSAI; generally considered safe at regulated levels,NO,YES,"FSSAI Food Additives Regulations 2011 (Version XII, 08.09.2020)"
323,472g,E472g,Succinylated monoglycerides,,"Sequestrant, Emulsifier, Stabilizer",2,LOW-MEDIUM,YELLOW,Some emulsifiers linked to gut inflammation at high doses,NO,YES,"FSSAI Food Additives Regulations 2011 (Version XII, 08.09.2020)"
324,473,E473,Sucrose esters of fatty acids,,"Sequestrant, Emulsifier, Stabilizer",2,LOW-MEDIUM,YELLOW,Some emulsifiers linked to gut inflammation at high doses,NO,YES,"FSSAI Food Additives Regulations 2011 (Version XII, 08.09.2020)"
325,474,E474,Sucroglycerides,,"Sequestrant, Emulsifier, Stabilizer",2,LOW-MEDIUM,YELLOW,Some emulsifiers linked to gut inflammation at high doses,NO,YES,"FSSAI Food Additives Regulations 2011 (Version XII, 08.09.2020)"
329,475,E475,476,,477,1,LOW,GREEN,Permitted by FSSAI; generally considered safe at regulated levels,NO,YES,"FSSAI Food Additives Regulations 2011 (Version XII, 08.09.2020)"
331,480,E480,Dioctyl sodium sulphosuccinate,,"Emulsifier, wetting agent",2,LOW-MEDIUM,YELLOW,Some emulsifiers linked to gut inflammation at high doses,NO,YES,"FSSAI Food Additives Regulations 2011 (Version XII, 08.09.2020)"
332,481,E481,Sodium lactylate,,"Emulsifier, Stabilizer",2,LOW-MEDIUM,YELLOW,Some emulsifiers linked to gut inflammation at high doses,NO,YES,"FSSAI Food Additives Regulations 2011 (Version XII, 08.09.2020)"
333,481(i),E481(i),Sodium stearoyl lactylates,,"Emulsifier, Stabilizer",2,LOW-MEDIUM,YELLOW,Some emulsifiers linked to gut inflammation at high doses,NO,YES,"FSSAI Food Additives Regulations 2011 (Version XII, 08.09.2020)"
334,481(ii),E481(ii),Sodium oleyl lactylate,,"Emulsifier, Stabilizer",2,LOW-MEDIUM,YELLOW,Some emulsifiers linked to gut inflammation at high doses,NO,YES,"FSSAI Food Additives Regulations 2011 (Version XII, 08.09.2020)"
335,482,E482,Calcium lactylates,,"Emulsifier, Stabilizer",2,LOW-MEDIUM,YELLOW,Some emulsifiers linked to gut inflammation at high doses,NO,YES,"FSSAI Food Additives Regulations 2011 (Version XII, 08.09.2020)"
336,482(i),E482(i),Calcium stearoyl lactylate,,"Emulsifier, Stabilizer",2,LOW-MEDIUM,YELLOW,Some emulsifiers linked to gut inflammation at high doses,NO,YES,"FSSAI Food Additives Regulations 2011 (Version XII, 08.09.2020)"
337,482(ii),E482(ii),Calcium oleyl lactylates,,"Emulsifier, Stabilizer",2,LOW-MEDIUM,YELLOW,Some emulsifiers linked to gut inflammation at high doses,NO,YES,"FSSAI Food Additives Regulations 2011 (Version XII, 08.09.2020)"
338,483,E483,Stearyl tartrate,,Flour treatment agent,2,LOW-MEDIUM,YELLOW,Modifies flour properties; some bleaching agents raise concerns,YES,YES,"FSSAI Food Additives Regulations 2011 (Version XII, 08.09.2020)"
339,484,E484,Stearyl citrate,,"Emulsifier, sequestrant",2,LOW-MEDIUM,YELLOW,Some emulsifiers linked to gut inflammation at high doses,NO,YES,"FSSAI Food Additives Regulations 2011 (Version XII, 08.09.2020)"
340,485,E485,Sodium stearoyl fumarate,,Emulsifier,2,LOW-MEDIUM,YELLOW,Some emulsifiers linked to gut inflammation at high doses,NO,YES,"FSSAI Food Additives Regulations 2011 (Version XII, 08.09.2020)"
341,486,E486,Calcium stearoyl fumarate,,Emulsifier,2,LOW-MEDIUM,YELLOW,Some emulsifiers linked to gut inflammation at high doses,NO,YES,"FSSAI Food Additives Regulations 2011 (Version XII, 08.09.2020)"
342,487,E487,Sodium laurylsulphate,,Emulsifier,2,LOW-MEDIUM,YELLOW,Some emulsifiers linked to gut inflammation at high doses,NO,YES,"FSSAI Food Additives Regulations 2011 (Version XII, 08.09.2020)"
343,488,E488,Ethoxylated mono-and di-glycerides,,Emulsifier,2,LOW-MEDIUM,YELLOW,Some emulsifiers linked to gut inflammation at high doses,NO,YES,"FSSAI Food Additives Regulations 2011 (Version XII, 08.09.2020)"
344,489,E489,Methyl glucoside-coconut oil ester,,Emulsifier,2,LOW-MEDIUM,YELLOW,Some emulsifiers linked to gut inflammation at high doses,NO,YES,"FSSAI Food Additives Regulations 2011 (Version XII, 08.09.2020)"
345,491,E491,Sorbitan monostearate,,Emulsifier,2,LOW-MEDIUM,YELLOW,Some emulsifiers linked to gut inflammation at high doses,NO,YES,"FSSAI Food Additives Regulations 2011 (Version XII, 08.09.2020)"
346,492,E492,Sorbitan tristearate,,Emulsifier,2,LOW-MEDIUM,YELLOW,Some emulsifiers linked to gut inflammation at high doses,NO,YES,"FSSAI Food Additives Regulations 2011 (Version XII, 08.09.2020)"
347,493,E493,Sorbitan monolaurate,,Emulsifier,2,LOW-MEDIUM,YELLOW,Some emulsifiers linked to gut inflammation at high doses,NO,YES,"FSSAI Food Additives Regulations 2011 (Version XII, 08.09.2020)"
348,494,E494,Sorbitan monooleate,,Emulsifier,2,LOW-MEDIUM,YELLOW,Some emulsifiers linked to gut inflammation at high doses,NO,YES,"FSSAI Food Additives Regulations 2011 (Version XII, 08.09.2020)"
349,495,E495,Sorbitan monopalmitate,,Emulsifier,2,LOW-MEDIUM,YELLOW,Some emulsifiers linked to gut inflammation at high doses,NO,YES,"FSSAI Food Additives Regulations 2011 (Version XII, 08.09.2020)"
350,496,E496,Sorbitan trioleate,,"Stabilizer, Emulsifier, acidity regulator, raising agent",2,LOW-MEDIUM,YELLOW,Some emulsifiers linked to gut inflammation at high doses,NO,YES,"FSSAI Food Additives Regulations 2011 (Version XII, 08.09.2020)"
351,500,E500,Sodium carbonates,,"anticaking agent, acidity regluator, raising agent",1,LOW,GREEN,Prevents clumping; generally safe,NO,YES,"FSSAI Food Additives Regulations 2011 (Version XII, 08.09.2020)"
352,500(i),E500(i),Sodium carbonate,,"anticaking agent, acidity regulator, raising agent",1,LOW,GREEN,Controls pH; generally safe,NO,YES,"FSSAI Food Additives Regulations 2011 (Version XII, 08.09.2020)"
353,500(ii),E500(ii),354. 500(iii),,Sodium hydrogen carbonate,1,LOW,GREEN,Permitted by FSSAI; generally considered safe at regulated levels,NO,YES,"FSSAI Food Additives Regulations 2011 (Version XII, 08.09.2020)"
355,501,E501,Potassium carbonates,,"acidity regulator, stabilizer",1,LOW,GREEN,Generally safe at permitted levels,NO,YES,"FSSAI Food Additives Regulations 2011 (Version XII, 08.09.2020)"
356,501(i),E501(i),Potassium carbonate,,"acidity regulator, stabilizer",1,LOW,GREEN,Generally safe at permitted levels,NO,YES,"FSSAI Food Additives Regulations 2011 (Version XII, 08.09.2020)"
357,501(ii),E501(ii),Potassium hydrogen carbonate,,"acidity regulator, stabilizer",1,LOW,GREEN,Generally safe at permitted levels,NO,YES,"FSSAI Food Additives Regulations 2011 (Version XII, 08.09.2020)"
358,503,E503,Ammonium carbonates,,"acidity regulator, raising agent",1,LOW,GREEN,Controls pH; generally safe,NO,YES,"FSSAI Food Additives Regulations 2011 (Version XII, 08.09.2020)"
359,503(i),E503(i),Ammonium carbonate,,"acidity regulator, raising agent",1,LOW,GREEN,Controls pH; generally safe,NO,YES,"FSSAI Food Additives Regulations 2011 (Version XII, 08.09.2020)"
360,503(ii),E503(ii),Ammonium hydrogen carbonate,,"acidity regulator, raising agent, acidity regulator, anticaking",1,LOW,GREEN,Controls pH; generally safe,NO,YES,"FSSAI Food Additives Regulations 2011 (Version XII, 08.09.2020)"
361,504,E504,Magnesium carbonates,,"agent, colour retention agent, acidity regulator, anticaking",3,MEDIUM-HIGH,ORANGE,Artificial colour; potential hyperactivity risk in children (EFSA warning),YES,YES,"FSSAI Food Additives Regulations 2011 (Version XII, 08.09.2020)"
362,504(i),E504(i),Magnesium carbonate,,"agent, colour retention agent, acidity regulator, anticaking",3,MEDIUM-HIGH,ORANGE,Artificial colour; potential hyperactivity risk in children (EFSA warning),YES,YES,"FSSAI Food Additives Regulations 2011 (Version XII, 08.09.2020)"
363,504(ii),E504(ii),Magnesium hydrogen carbonate,,"agent, colour retention agent",3,MEDIUM-HIGH,ORANGE,Artificial colour; potential hyperactivity risk in children (EFSA warning),YES,YES,"FSSAI Food Additives Regulations 2011 (Version XII, 08.09.2020)"
364,505,E505,Ferrous carbonate,,acidity regulator,1,LOW,GREEN,Controls pH; generally safe,NO,YES,"FSSAI Food Additives Regulations 2011 (Version XII, 08.09.2020)"
365,507,E507,Hydrochloric acid,,acidity regulator acid,1,LOW,GREEN,Controls pH; generally safe,NO,YES,"FSSAI Food Additives Regulations 2011 (Version XII, 08.09.2020)"
366,508,E508,Potassium chloride,,gelling agent,1,LOW,GREEN,Forms gels; generally safe,NO,YES,"FSSAI Food Additives Regulations 2011 (Version XII, 08.09.2020)"
367,509,E509,Calcium chloride,,firming agent,1,LOW,GREEN,Maintains texture; generally safe,NO,YES,"FSSAI Food Additives Regulations 2011 (Version XII, 08.09.2020)"
368,510,E510,Ammonium chloride,,flour treatment agent,2,LOW-MEDIUM,YELLOW,Modifies flour properties; some bleaching agents raise concerns,YES,YES,"FSSAI Food Additives Regulations 2011 (Version XII, 08.09.2020)"
369,511,E511,Magnesium chloride,,"firming agent, Antioxidant, colour retention",3,MEDIUM-HIGH,ORANGE,Artificial colour; potential hyperactivity risk in children (EFSA warning),YES,YES,"FSSAI Food Additives Regulations 2011 (Version XII, 08.09.2020)"
370,512,E512,Stannous chloride,,Agent,1,LOW,GREEN,Permitted by FSSAI; generally considered safe at regulated levels,NO,YES,"FSSAI Food Additives Regulations 2011 (Version XII, 08.09.2020)"
371,513,E513,Sulphuric acid,,acidity regulator,1,LOW,GREEN,Controls pH; generally safe,NO,YES,"FSSAI Food Additives Regulations 2011 (Version XII, 08.09.2020)"
372,514,E514,Sodium sulphates,,acidity regulator,1,LOW,GREEN,Controls pH; generally safe,NO,YES,"FSSAI Food Additives Regulations 2011 (Version XII, 08.09.2020)"
374,516,E516,Calcium Sulphate,,,1,LOW,GREEN,Permitted by FSSAI; generally considered safe at regulated levels,NO,YES,"FSSAI Food Additives Regulations 2011 (Version XII, 08.09.2020)"
375,517,E517,Ammonium sulphate,,"Flour treatment agent, stabilizer",1,LOW,GREEN,Generally safe at permitted levels,NO,YES,"FSSAI Food Additives Regulations 2011 (Version XII, 08.09.2020)"
376,518,E518,Magnesium sulphate,,firming agent,1,LOW,GREEN,Maintains texture; generally safe,NO,YES,"FSSAI Food Additives Regulations 2011 (Version XII, 08.09.2020)"
377,519,E519,Cupric sulphate,,"colour fixative, preservative",3,MEDIUM-HIGH,ORANGE,Artificial colour; potential hyperactivity risk in children (EFSA warning),YES,YES,"FSSAI Food Additives Regulations 2011 (Version XII, 08.09.2020)"
378,520,E520,Aluminium sulphate,,firming agent,1,LOW,GREEN,Maintains texture; generally safe,NO,YES,"FSSAI Food Additives Regulations 2011 (Version XII, 08.09.2020)"
379,521,E521,Aluminium sodium Sulphate,,firming agent,1,LOW,GREEN,Maintains texture; generally safe,NO,YES,"FSSAI Food Additives Regulations 2011 (Version XII, 08.09.2020)"
380,522,E522,Aluminium potassium Sulphate,,"Acidity regulator, stabilizer",1,LOW,GREEN,Generally safe at permitted levels,NO,YES,"FSSAI Food Additives Regulations 2011 (Version XII, 08.09.2020)"
381,523,E523,Aluminium ammonium Sulphate,,"Stabilizer, firming agent",1,LOW,GREEN,Generally safe at permitted levels,NO,YES,"FSSAI Food Additives Regulations 2011 (Version XII, 08.09.2020)"
382,524,E524,Sodium hydroxide,,acidity regulator,1,LOW,GREEN,Controls pH; generally safe,NO,YES,"FSSAI Food Additives Regulations 2011 (Version XII, 08.09.2020)"
383,525,E525,Potassium hydroxide,,acidity regulator,1,LOW,GREEN,Controls pH; generally safe,NO,YES,"FSSAI Food Additives Regulations 2011 (Version XII, 08.09.2020)"
384,526,E526,Calcium hydroxide,,"acidity regulator, firming agent",1,LOW,GREEN,Controls pH; generally safe,NO,YES,"FSSAI Food Additives Regulations 2011 (Version XII, 08.09.2020)"
385,527,E527,Ammonium hydroxide,,"acidity regulator, acidity regulator, colour",3,MEDIUM-HIGH,ORANGE,Artificial colour; potential hyperactivity risk in children (EFSA warning),YES,YES,"FSSAI Food Additives Regulations 2011 (Version XII, 08.09.2020)"
386,528,E528,Magnesium hydroxide,,"retention agent, acidity regulator, colour",3,MEDIUM-HIGH,ORANGE,Artificial colour; potential hyperactivity risk in children (EFSA warning),YES,YES,"FSSAI Food Additives Regulations 2011 (Version XII, 08.09.2020)"
387,529,E529,Calcium oxide,,retention agent,1,LOW,GREEN,Permitted by FSSAI; generally considered safe at regulated levels,NO,YES,"FSSAI Food Additives Regulations 2011 (Version XII, 08.09.2020)"
388,530,E530,Magnesium oxide,,anticaking agent,1,LOW,GREEN,Prevents clumping; generally safe,NO,YES,"FSSAI Food Additives Regulations 2011 (Version XII, 08.09.2020)"
389,535,E535,Sodium ferrocyanide,,anticaking agent,1,LOW,GREEN,Prevents clumping; generally safe,NO,YES,"FSSAI Food Additives Regulations 2011 (Version XII, 08.09.2020)"
390,536,E536,Potassium ferrocyanide,,anticaking agent,1,LOW,GREEN,Prevents clumping; generally safe,NO,YES,"FSSAI Food Additives Regulations 2011 (Version XII, 08.09.2020)"
391,537,E537,Ferrous hexacyanomanganate,,anticaking agent,1,LOW,GREEN,Prevents clumping; generally safe,NO,YES,"FSSAI Food Additives Regulations 2011 (Version XII, 08.09.2020)"
392,538,E538,Calcium ferrocyanide,,anticaking agent,1,LOW,GREEN,Prevents clumping; generally safe,NO,YES,"FSSAI Food Additives Regulations 2011 (Version XII, 08.09.2020)"
393,539,E539,Sodium thiosulphate,,"antioxidant, sequestrant",1,LOW,GREEN,Prevents oxidation; generally safe at permitted levels,NO,YES,"FSSAI Food Additives Regulations 2011 (Version XII, 08.09.2020)"
394,541,E541,Sodium aluminium phosphate,,"acidity regulator, emulsifier",2,LOW-MEDIUM,YELLOW,Some emulsifiers linked to gut inflammation at high doses,NO,YES,"FSSAI Food Additives Regulations 2011 (Version XII, 08.09.2020)"
395,541(i),E541(i),Sodium aluminium phosphate-acidic,,"acidity regulator, emulsifier",2,LOW-MEDIUM,YELLOW,Some emulsifiers linked to gut inflammation at high doses,NO,YES,"FSSAI Food Additives Regulations 2011 (Version XII, 08.09.2020)"
396,541(ii),E541(ii),Sodium aluminium phosphate-basic,,"acidity regulator, emulsifier",2,LOW-MEDIUM,YELLOW,Some emulsifiers linked to gut inflammation at high doses,NO,YES,"FSSAI Food Additives Regulations 2011 (Version XII, 08.09.2020)"
397,542,E542,398.,,,1,LOW,GREEN,Permitted by FSSAI; generally considered safe at regulated levels,NO,YES,"FSSAI Food Additives Regulations 2011 (Version XII, 08.09.2020)"
398,550,E550,Sodium silicates,,anticaking agent,1,LOW,GREEN,Prevents clumping; generally safe,NO,YES,"FSSAI Food Additives Regulations 2011 (Version XII, 08.09.2020)"
399,550(i),E550(i),Sodium silicate,,anticaking agent,1,LOW,GREEN,Prevents clumping; generally safe,NO,YES,"FSSAI Food Additives Regulations 2011 (Version XII, 08.09.2020)"
400,550(ii),E550(ii),Sodium metasilicate,,anticaking agent,1,LOW,GREEN,Prevents clumping; generally safe,NO,YES,"FSSAI Food Additives Regulations 2011 (Version XII, 08.09.2020)"
401,551,E551,"Silicon dioxide, amorphous",,anticaking agent,1,LOW,GREEN,Prevents clumping; generally safe,NO,YES,"FSSAI Food Additives Regulations 2011 (Version XII, 08.09.2020)"
402,552,E552,Calcium silicate,,"anticaking agent, anticaking agent, dusting",1,LOW,GREEN,Prevents clumping; generally safe,NO,YES,"FSSAI Food Additives Regulations 2011 (Version XII, 08.09.2020)"
403,553,E553,Magnesium silicates,,"Powder, anticaking agent, dusting",1,LOW,GREEN,Prevents clumping; generally safe,NO,YES,"FSSAI Food Additives Regulations 2011 (Version XII, 08.09.2020)"
404,553(i),E553(i),Magnesium silicate,,"Powder, anticaking agent, dusting",1,LOW,GREEN,Prevents clumping; generally safe,NO,YES,"FSSAI Food Additives Regulations 2011 (Version XII, 08.09.2020)"
405,553(ii),E553(ii),Magnesium trisilicate,,"Powder, anticaking agent, dusting",1,LOW,GREEN,Prevents clumping; generally safe,NO,YES,"FSSAI Food Additives Regulations 2011 (Version XII, 08.09.2020)"
407,554,E554,Sodium aluminosilicate,,anticaking agent,1,LOW,GREEN,Prevents clumping; generally safe,NO,YES,"FSSAI Food Additives Regulations 2011 (Version XII, 08.09.2020)"
408,555,E555,Potassium aluminium silicate,,anticaking agent,1,LOW,GREEN,Prevents clumping; generally safe,NO,YES,"FSSAI Food Additives Regulations 2011 (Version XII, 08.09.2020)"
409,556,E556,Calcium aluminium silicate,,anticaking agent,1,LOW,GREEN,Prevents clumping; generally safe,NO,YES,"FSSAI Food Additives Regulations 2011 (Version XII, 08.09.2020)"
410,557,E557,Zinc silicate,,anticaking agent,1,LOW,GREEN,Prevents clumping; generally safe,NO,YES,"FSSAI Food Additives Regulations 2011 (Version XII, 08.09.2020)"
411,558,E558,Bentonite,,anticaking agent,1,LOW,GREEN,Prevents clumping; generally safe,NO,YES,"FSSAI Food Additives Regulations 2011 (Version XII, 08.09.2020)"
412,559,E559,Aluminium silicate,,anticaking agent,1,LOW,GREEN,Prevents clumping; generally safe,NO,YES,"FSSAI Food Additives Regulations 2011 (Version XII, 08.09.2020)"
413,560,E560,Potassium silicate,,"anticaking agent, foam stabilizer, glazing agent",1,LOW,GREEN,Generally safe at permitted levels,NO,YES,"FSSAI Food Additives Regulations 2011 (Version XII, 08.09.2020)"
414,570,E570,Fatty acids,,antifoaming agent,1,LOW,GREEN,Permitted by FSSAI; generally considered safe at regulated levels,NO,YES,"FSSAI Food Additives Regulations 2011 (Version XII, 08.09.2020)"
415,574,E574,Gluconic acid (D-),,"acidity regulator, raising agent",1,LOW,GREEN,Controls pH; generally safe,NO,YES,"FSSAI Food Additives Regulations 2011 (Version XII, 08.09.2020)"
416,575,E575,Glucono delta-lactone,,"acidity regulator, raising agent",1,LOW,GREEN,Controls pH; generally safe,NO,YES,"FSSAI Food Additives Regulations 2011 (Version XII, 08.09.2020)"
417,576,E576,Sodium gluconate,,Sequestrant,1,LOW,GREEN,Binds metal ions; generally safe at permitted levels,NO,YES,"FSSAI Food Additives Regulations 2011 (Version XII, 08.09.2020)"
418,577,E577,Potassium gluconate,,Sequestrant,1,LOW,GREEN,Binds metal ions; generally safe at permitted levels,NO,YES,"FSSAI Food Additives Regulations 2011 (Version XII, 08.09.2020)"
419,578,E578,Calcium gluconate,,"acidity regluator, firming agent",1,LOW,GREEN,Maintains texture; generally safe,NO,YES,"FSSAI Food Additives Regulations 2011 (Version XII, 08.09.2020)"
420,579,E579,Ferrous gluconate,,Colour retention agent,3,MEDIUM-HIGH,ORANGE,Artificial colour; potential hyperactivity risk in children (EFSA warning),YES,YES,"FSSAI Food Additives Regulations 2011 (Version XII, 08.09.2020)"
421,580,E580,Magnesium gluconate,,"acidity regulator, firming agent",1,LOW,GREEN,Controls pH; generally safe,NO,YES,"FSSAI Food Additives Regulations 2011 (Version XII, 08.09.2020)"
422,585,E585,Ferrous lactate,,"colour retention agent, colour retention agent",3,MEDIUM-HIGH,ORANGE,Artificial colour; potential hyperactivity risk in children (EFSA warning),YES,YES,"FSSAI Food Additives Regulations 2011 (Version XII, 08.09.2020)"
423,586,E586,4-Hexylresorcinol,,Antioxidant,1,LOW,GREEN,Prevents oxidation; generally safe at permitted levels,NO,YES,"FSSAI Food Additives Regulations 2011 (Version XII, 08.09.2020)"
424,620,E620,Glutamic acid (L (+)-),,flavour enhancer,3,MEDIUM-HIGH,ORANGE,Enhances taste artificially; sensitivity reactions possible,YES,YES,"FSSAI Food Additives Regulations 2011 (Version XII, 08.09.2020)"
425,621,E621,Monosodium glutamate,मोनोसोडियम ग्लूटामेट (MSG),flavour enhancer,3,MEDIUM-HIGH,ORANGE,MSG - sensitivity reactions in some people; used to mask poor ingredient quality; common in Indian snacks,YES,YES,"FSSAI Food Additives Regulations 2011 (Version XII, 08.09.2020)"
426,622,E622,Monopotassium glutamate,,flavour enhancer,3,MEDIUM-HIGH,ORANGE,Enhances taste artificially; sensitivity reactions possible,YES,YES,"FSSAI Food Additives Regulations 2011 (Version XII, 08.09.2020)"
427,623,E623,Calcium glutamate,,flavour enhancer,3,MEDIUM-HIGH,ORANGE,Enhances taste artificially; sensitivity reactions possible,YES,YES,"FSSAI Food Additives Regulations 2011 (Version XII, 08.09.2020)"
428,624,E624,Monoammonium glutamate,,flavour enhancer,3,MEDIUM-HIGH,ORANGE,Enhances taste artificially; sensitivity reactions possible,YES,YES,"FSSAI Food Additives Regulations 2011 (Version XII, 08.09.2020)"
429,625,E625,Magnesium glutamate,,flavour enhancer,3,MEDIUM-HIGH,ORANGE,Enhances taste artificially; sensitivity reactions possible,YES,YES,"FSSAI Food Additives Regulations 2011 (Version XII, 08.09.2020)"
430,626,E626,Guanylic acid,,flavour enhancer,3,MEDIUM-HIGH,ORANGE,Enhances taste artificially; sensitivity reactions possible,YES,YES,"FSSAI Food Additives Regulations 2011 (Version XII, 08.09.2020)"
431,627,E627,Disodium 5'-guanylate,डाइसोडियम गुएनिलेट,flavour enhancer,3,MEDIUM-HIGH,ORANGE,Disodium guanylate - amplifies MSG effect; avoid if gout-prone; found in Indian namkeen and chips,YES,YES,"FSSAI Food Additives Regulations 2011 (Version XII, 08.09.2020)"
432,628,E628,Dipotassium 5'-guanylate,,flavour enhancer,3,MEDIUM-HIGH,ORANGE,Enhances taste artificially; sensitivity reactions possible,YES,YES,"FSSAI Food Additives Regulations 2011 (Version XII, 08.09.2020)"
433,629,E629,Calcium 5'-guanylate,,flavour enhancer,3,MEDIUM-HIGH,ORANGE,Enhances taste artificially; sensitivity reactions possible,YES,YES,"FSSAI Food Additives Regulations 2011 (Version XII, 08.09.2020)"
434,630,E630,Inosinic acid,,flavour enhancer,3,MEDIUM-HIGH,ORANGE,Enhances taste artificially; sensitivity reactions possible,YES,YES,"FSSAI Food Additives Regulations 2011 (Version XII, 08.09.2020)"
435,631,E631,Disodium 5'-inosinate,डाइसोडियम इनोसिनेट,flavour enhancer,3,MEDIUM-HIGH,ORANGE,Disodium inosinate - amplifies MSG effect; avoid if gout-prone; found in junk food,YES,YES,"FSSAI Food Additives Regulations 2011 (Version XII, 08.09.2020)"
436,632,E632,Potassium Inosate,,flavour enhancer,3,MEDIUM-HIGH,ORANGE,Enhances taste artificially; sensitivity reactions possible,YES,YES,"FSSAI Food Additives Regulations 2011 (Version XII, 08.09.2020)"
437,633,E633,Calcium 5'-inosinate,,flavour enhancer,3,MEDIUM-HIGH,ORANGE,Enhances taste artificially; sensitivity reactions possible,YES,YES,"FSSAI Food Additives Regulations 2011 (Version XII, 08.09.2020)"
438,634,E634,Calcium 5'-ribonucleotides,,flavour enhancer,3,MEDIUM-HIGH,ORANGE,Enhances taste artificially; sensitivity reactions possible,YES,YES,"FSSAI Food Additives Regulations 2011 (Version XII, 08.09.2020)"
439,635,E635,Disodium 5'-ribonucleotides,,flavour enhancer,3,MEDIUM-HIGH,ORANGE,Disodium ribonucleotides - combined MSG enhancer; avoid if gout-prone,YES,YES,"FSSAI Food Additives Regulations 2011 (Version XII, 08.09.2020)"
440,636,E636,Maltol,,flavour enhancer,3,MEDIUM-HIGH,ORANGE,Enhances taste artificially; sensitivity reactions possible,YES,YES,"FSSAI Food Additives Regulations 2011 (Version XII, 08.09.2020)"
441,637,E637,Ethyl maltol,,flavour enhancer,3,MEDIUM-HIGH,ORANGE,Enhances taste artificially; sensitivity reactions possible,YES,YES,"FSSAI Food Additives Regulations 2011 (Version XII, 08.09.2020)"
442,638,E638,Sodium L-Aspartate,,flavour enhancer,3,MEDIUM-HIGH,ORANGE,Enhances taste artificially; sensitivity reactions possible,YES,YES,"FSSAI Food Additives Regulations 2011 (Version XII, 08.09.2020)"
443,639,E639,DL-Alanine,,flavour enhancer,3,MEDIUM-HIGH,ORANGE,Enhances taste artificially; sensitivity reactions possible,YES,YES,"FSSAI Food Additives Regulations 2011 (Version XII, 08.09.2020)"
444,640,E640,Glycine,,flavour enhancer,3,MEDIUM-HIGH,ORANGE,Enhances taste artificially; sensitivity reactions possible,YES,YES,"FSSAI Food Additives Regulations 2011 (Version XII, 08.09.2020)"
445,641,E641,L-Leucine,,flavour enhancer,3,MEDIUM-HIGH,ORANGE,Enhances taste artificially; sensitivity reactions possible,YES,YES,"FSSAI Food Additives Regulations 2011 (Version XII, 08.09.2020)"
446,642,E642,Lysin hydrochloride,,"flavour enhancer, antifoaming agent, anticaking",3,MEDIUM-HIGH,ORANGE,Enhances taste artificially; sensitivity reactions possible,YES,YES,"FSSAI Food Additives Regulations 2011 (Version XII, 08.09.2020)"
447,900a,E900a,Polydimethylsiloxane,,"agent, emulsifier",2,LOW-MEDIUM,YELLOW,Some emulsifiers linked to gut inflammation at high doses,NO,YES,"FSSAI Food Additives Regulations 2011 (Version XII, 08.09.2020)"
448,900b,E900b,Methylphenylpolysiloxane,,antifoaming agent,1,LOW,GREEN,Permitted by FSSAI; generally considered safe at regulated levels,NO,YES,"FSSAI Food Additives Regulations 2011 (Version XII, 08.09.2020)"
449,901,E901,"Beeswax, white and yellow",,"glazing agent, release agent",1,LOW,GREEN,Surface coating; generally safe,NO,YES,"FSSAI Food Additives Regulations 2011 (Version XII, 08.09.2020)"
450,902,E902,Candeilla Wax,,glazing agent,1,LOW,GREEN,Surface coating; generally safe,NO,YES,"FSSAI Food Additives Regulations 2011 (Version XII, 08.09.2020)"
451,903,E903,Carnaubawax,,glazing agent,1,LOW,GREEN,Surface coating; generally safe,NO,YES,"FSSAI Food Additives Regulations 2011 (Version XII, 08.09.2020)"
452,904,E904,Shellac,,"glazing agent, glazing agent, release agent",1,LOW,GREEN,Surface coating; generally safe,NO,YES,"FSSAI Food Additives Regulations 2011 (Version XII, 08.09.2020)"
453,905a,E905a,"Mineral oil, food grade",,"sealing agent, glazing agent, release agent",1,LOW,GREEN,Surface coating; generally safe,NO,YES,"FSSAI Food Additives Regulations 2011 (Version XII, 08.09.2020)"
454,905b,E905b,Petrolatum Petroleumielly,,"sealing agent, glazing agent, release agent",1,LOW,GREEN,Surface coating; generally safe,NO,YES,"FSSAI Food Additives Regulations 2011 (Version XII, 08.09.2020)"
455,905c,E905c,Petroleum wax,,sealing agent,1,LOW,GREEN,Permitted by FSSAI; generally considered safe at regulated levels,NO,YES,"FSSAI Food Additives Regulations 2011 (Version XII, 08.09.2020)"
458,906,E906,Benzoin gum,,glazing agent,1,LOW,GREEN,Surface coating; generally safe,NO,YES,"FSSAI Food Additives Regulations 2011 (Version XII, 08.09.2020)"
459,907,E907,Hydrogenated poly-1 decene,,glazing agent,1,LOW,GREEN,Surface coating; generally safe,NO,YES,"FSSAI Food Additives Regulations 2011 (Version XII, 08.09.2020)"
460,908,E908,Rice bran wax,,glazing agent,1,LOW,GREEN,Surface coating; generally safe,NO,YES,"FSSAI Food Additives Regulations 2011 (Version XII, 08.09.2020)"
461,909,E909,Spermaceti wax,,glazing agent,1,LOW,GREEN,Surface coating; generally safe,NO,YES,"FSSAI Food Additives Regulations 2011 (Version XII, 08.09.2020)"
462,910,E910,Wax esters,,glazing agent,1,LOW,GREEN,Surface coating; generally safe,NO,YES,"FSSAI Food Additives Regulations 2011 (Version XII, 08.09.2020)"
463,911,E911,Methyl esters of fatty acids,,glazing agent,1,LOW,GREEN,Surface coating; generally safe,NO,YES,"FSSAI Food Additives Regulations 2011 (Version XII, 08.09.2020)"
464,913,E913,Lanolin,,glazing agent,1,LOW,GREEN,Surface coating; generally safe,NO,YES,"FSSAI Food Additives Regulations 2011 (Version XII, 08.09.2020)"
465,915,E915,"Glycerol-, methyl-, or penta-",,glazing agent,1,LOW,GREEN,Surface coating; generally safe,NO,YES,"FSSAI Food Additives Regulations 2011 (Version XII, 08.09.2020)"
466,916,E916,Calcium iodate,,flour treatment agent,2,LOW-MEDIUM,YELLOW,Modifies flour properties; some bleaching agents raise concerns,YES,YES,"FSSAI Food Additives Regulations 2011 (Version XII, 08.09.2020)"
467,917,E917,Potassium iodate,,flour treatment agent,2,LOW-MEDIUM,YELLOW,Modifies flour properties; some bleaching agents raise concerns,YES,YES,"FSSAI Food Additives Regulations 2011 (Version XII, 08.09.2020)"
468,918,E918,Nitrogen oxide,,flour treatment agent,2,LOW-MEDIUM,YELLOW,Modifies flour properties; some bleaching agents raise concerns,YES,YES,"FSSAI Food Additives Regulations 2011 (Version XII, 08.09.2020)"
469,919,E919,Nitrosyl chloride,,flour treatment agent,2,LOW-MEDIUM,YELLOW,Modifies flour properties; some bleaching agents raise concerns,YES,YES,"FSSAI Food Additives Regulations 2011 (Version XII, 08.09.2020)"
472,922,E922,Potassium persulphate,,flour treatment agent,2,LOW-MEDIUM,YELLOW,Modifies flour properties; some bleaching agents raise concerns,YES,YES,"FSSAI Food Additives Regulations 2011 (Version XII, 08.09.2020)"
473,923,E923,Ammonium persulphate,,flour treatment agent,2,LOW-MEDIUM,YELLOW,Modifies flour properties; some bleaching agents raise concerns,YES,YES,"FSSAI Food Additives Regulations 2011 (Version XII, 08.09.2020)"
474,924a,E924a,Potassium bromate,,flour treatment agent,2,LOW-MEDIUM,YELLOW,Modifies flour properties; some bleaching agents raise concerns,YES,YES,"FSSAI Food Additives Regulations 2011 (Version XII, 08.09.2020)"
475,924b,E924b,Calcium bromate,,flour treatment agent,2,LOW-MEDIUM,YELLOW,Modifies flour properties; some bleaching agents raise concerns,YES,YES,"FSSAI Food Additives Regulations 2011 (Version XII, 08.09.2020)"
476,925,E925,Chlorine,,flour treatment agent,2,LOW-MEDIUM,YELLOW,Modifies flour properties; some bleaching agents raise concerns,YES,YES,"FSSAI Food Additives Regulations 2011 (Version XII, 08.09.2020)"
477,926,E926,Chlorine dioxide,,flour treatment agent,2,LOW-MEDIUM,YELLOW,Modifies flour properties; some bleaching agents raise concerns,YES,YES,"FSSAI Food Additives Regulations 2011 (Version XII, 08.09.2020)"
478,927a,E927a,Azodicarbonamide,,flour treatment agent,2,LOW-MEDIUM,YELLOW,Modifies flour properties; some bleaching agents raise concerns,YES,YES,"FSSAI Food Additives Regulations 2011 (Version XII, 08.09.2020)"
479,927b,E927b,Carbamide (urea),,"flour treatment agent, flour treatment agent",2,LOW-MEDIUM,YELLOW,Modifies flour properties; some bleaching agents raise concerns,YES,YES,"FSSAI Food Additives Regulations 2011 (Version XII, 08.09.2020)"
480,928,E928,Benzoyl peroxide,,Preservative,3,MEDIUM-HIGH,ORANGE,Chemical preservative; some linked to gut microbiome disruption,YES,YES,"FSSAI Food Additives Regulations 2011 (Version XII, 08.09.2020)"
481,929,E929,Acetone peroxide,,flour treatment agent,2,LOW-MEDIUM,YELLOW,Modifies flour properties; some bleaching agents raise concerns,YES,YES,"FSSAI Food Additives Regulations 2011 (Version XII, 08.09.2020)"
482,930,E930,Calcium peroxide,,flour treatment agent,2,LOW-MEDIUM,YELLOW,Modifies flour properties; some bleaching agents raise concerns,YES,YES,"FSSAI Food Additives Regulations 2011 (Version XII, 08.09.2020)"
483,938,E938,Argon,,packing gas,1,LOW,GREEN,Permitted by FSSAI; generally considered safe at regulated levels,NO,YES,"FSSAI Food Additives Regulations 2011 (Version XII, 08.09.2020)"
484,939,E939,Helium,,packing gas,1,LOW,GREEN,Permitted by FSSAI; generally considered safe at regulated levels,NO,YES,"FSSAI Food Additives Regulations 2011 (Version XII, 08.09.2020)"
485,940,E940,Dichlorodifluoromethane,,"Propellant, liquid freezant",1,LOW,GREEN,Permitted by FSSAI; generally considered safe at regulated levels,NO,YES,"FSSAI Food Additives Regulations 2011 (Version XII, 08.09.2020)"
486,941,E941,Nitrogen,,"Packing gas, freezant",1,LOW,GREEN,Permitted by FSSAI; generally considered safe at regulated levels,NO,YES,"FSSAI Food Additives Regulations 2011 (Version XII, 08.09.2020)"
487,942,E942,Nitrous oxide,,Propellant,1,LOW,GREEN,Permitted by FSSAI; generally considered safe at regulated levels,NO,YES,"FSSAI Food Additives Regulations 2011 (Version XII, 08.09.2020)"
488,943a,E943a,Butane,,Propellant,1,LOW,GREEN,Permitted by FSSAI; generally considered safe at regulated levels,NO,YES,"FSSAI Food Additives Regulations 2011 (Version XII, 08.09.2020)"
489,943b,E943b,Isobutane,,Propellant,1,LOW,GREEN,Permitted by FSSAI; generally considered safe at regulated levels,NO,YES,"FSSAI Food Additives Regulations 2011 (Version XII, 08.09.2020)"
490,944,E944,Propane,,Propellant,1,LOW,GREEN,Permitted by FSSAI; generally considered safe at regulated levels,NO,YES,"FSSAI Food Additives Regulations 2011 (Version XII, 08.09.2020)"
491,945,E945,Chloropentafluoroethane,,Propellant,1,LOW,GREEN,Permitted by FSSAI; generally considered safe at regulated levels,NO,YES,"FSSAI Food Additives Regulations 2011 (Version XII, 08.09.2020)"
492,946,E946,Octafluorocyclobutane,,Propellant,1,LOW,GREEN,Permitted by FSSAI; generally considered safe at regulated levels,NO,YES,"FSSAI Food Additives Regulations 2011 (Version XII, 08.09.2020)"
493,948,E948,Oxygen,,packing gas,1,LOW,GREEN,Permitted by FSSAI; generally considered safe at regulated levels,NO,YES,"FSSAI Food Additives Regulations 2011 (Version XII, 08.09.2020)"
494,950,E950,Acesulfame potassium,एसेसल्फेम K,"Sweetener, flavour enhancer",4,HIGH,RED,Acesulfame K - gut microbiome disruption; animal studies show potential carcinogenicity; common in diet drinks,YES,YES,"FSSAI Food Additives Regulations 2011 (Version XII, 08.09.2020)"
495,951,E951,Aspartame,एस्पार्टेम,"Sweetener, flavour enhancer",4,HIGH,RED,Aspartame - IARC Group 2B possible carcinogen (2023 reclassification); WHO advises against routine use,YES,YES,"FSSAI Food Additives Regulations 2011 (Version XII, 08.09.2020)"
496,952,E952,"Cyclamic acid (and Na, K, Ca Salts)",,"Sweetener, Sweetener, anticaking agent",3,MEDIUM-HIGH,ORANGE,Cyclamate - banned in USA since 1969; carcinogen in animal studies,YES,YES,"FSSAI Food Additives Regulations 2011 (Version XII, 08.09.2020)"
498,954,E954,"Saccharin (and Na, K, Ca salts)",सैकरीन,Sweetener,3,MEDIUM-HIGH,ORANGE,Saccharin - bladder cancer in animal studies; avoid during pregnancy,YES,YES,"FSSAI Food Additives Regulations 2011 (Version XII, 08.09.2020)"
499,955,E955,Sucralose (trichlorogalactosucrose),सुक्रालोज़,Sweetener,3,MEDIUM-HIGH,ORANGE,Sucralose - may affect gut bacteria; some studies link to insulin resistance; used in 'diet' products,YES,YES,"FSSAI Food Additives Regulations 2011 (Version XII, 08.09.2020)"
500,956,E956,Alitame,,Sweetener,2,LOW-MEDIUM,YELLOW,Alitame - synthetic sweetener; less studied; use in moderation,YES,YES,"FSSAI Food Additives Regulations 2011 (Version XII, 08.09.2020)"
501,957,E957,Thaumatin,,"Sweetener, flavour enhancer",1,LOW,GREEN,Thaumatin - natural protein from West African fruit; safe; natural origin,NO,YES,"FSSAI Food Additives Regulations 2011 (Version XII, 08.09.2020)"
502,958,E958,Glycyrrhizin,,"Sweetener, flavour enhancer",2,LOW-MEDIUM,YELLOW,Glycyrrhizin - from liquorice root; can raise blood pressure at high doses,YES,YES,"FSSAI Food Additives Regulations 2011 (Version XII, 08.09.2020)"
503,959,E959,Neohesperidine dihydrochalcone,,Sweetener,2,LOW-MEDIUM,YELLOW,Neohesperidine DC - derived from citrus; less common; generally safe,NO,YES,"FSSAI Food Additives Regulations 2011 (Version XII, 08.09.2020)"
504,960,E960,Stevioside,स्टेविया,Sweetener,1,LOW,GREEN,Steviol glycosides (Stevia) - natural plant-based sweetener; preferred over artificial sweeteners,NO,YES,"FSSAI Food Additives Regulations 2011 (Version XII, 08.09.2020)"
505,964,E964,Polyglycitol syrup,,Sweetener,2,LOW-MEDIUM,YELLOW,Polyglycitol syrup - sugar alcohol mixture; laxative at high doses,NO,YES,"FSSAI Food Additives Regulations 2011 (Version XII, 08.09.2020)"
506,965,E965,Maltitol and matitol Syrup,,"Sweetener, stabilizer, emulsifier",1,LOW,GREEN,Maltitol - sugar alcohol; safe; lower glycemic index than sugar,NO,YES,"FSSAI Food Additives Regulations 2011 (Version XII, 08.09.2020)"
507,966,E966,Lactitol,,"Sweetener, texturizer, Sweetener, humectant",1,LOW,GREEN,Lactitol - sugar alcohol; prebiotic properties; generally safe,NO,YES,"FSSAI Food Additives Regulations 2011 (Version XII, 08.09.2020)"
508,967,E967,Xylitol,,"stabilizer, Emulsifier, thickener, Sweetener, flavour enhancer",1,LOW,GREEN,"Xylitol - sugar alcohol; dental benefits; safe (toxic to dogs, safe for humans)",NO,YES,"FSSAI Food Additives Regulations 2011 (Version XII, 08.09.2020)"
509,968,E968,Erythritol,,Humectant,1,LOW,GREEN,Retains moisture; generally safe,NO,YES,"FSSAI Food Additives Regulations 2011 (Version XII, 08.09.2020)"
510,999,E999,Qulillaia extracts,,foaming agent,1,LOW,GREEN,Permitted by FSSAI; generally considered safe at regulated levels,NO,YES,"FSSAI Food Additives Regulations 2011 (Version XII, 08.09.2020)"
511,1000,E1000,Cholic acid,,Emulsifier,2,LOW-MEDIUM,YELLOW,Some emulsifiers linked to gut inflammation at high doses,NO,YES,"FSSAI Food Additives Regulations 2011 (Version XII, 08.09.2020)"
512,1001,E1001,Choline salts and esters,,Emulsifier,2,LOW-MEDIUM,YELLOW,Some emulsifiers linked to gut inflammation at high doses,NO,YES,"FSSAI Food Additives Regulations 2011 (Version XII, 08.09.2020)"
520,1101,E1101,Proteases,,"tenderizer, flavour enhancer, flour treatment agent, stabilizer",3,MEDIUM-HIGH,ORANGE,Enhances taste artificially; sensitivity reactions possible,YES,YES,"FSSAI Food Additives Regulations 2011 (Version XII, 08.09.2020)"
